[{
	"ID": 1,
	"customerId": "202894",
	"customerName": "",
	"businessGoalId": "1",
	"businessGoal": "Reduce Time to Hire",
	"valueDriver": "Process Integration",
	"serviceType": "Enablement material",
	"serviceItem": "Webinar Remote Training WS - Successfactors Recruitment Management",
	"link": "https://preferredsuccess.sap.com/groups/VQhag3a3OkoTCLMf789UsJ/overview_page/qFNGHduXEZKFT04BoN3qdj",
	"solutionId": "1",
	"solution": "SuccessFactors",
	"moduleId": "1",
	"module": "Recruitment Management",
	"deliveryDate": "1/1/2019"
}, {
	"ID": 2,
	"customerId": "202894",
	"customerName": "",
	"businessGoal": "Reduce Time to Hire",
	"businessGoalId": "1",
	"valueDriver": "Process Integration",
	"serviceType": "Enablement material",
	"serviceItem": "Webinar - Successfactors  Learning Management Solution",
	"link": "https://preferredsuccess.sap.com/groups/Ol8xehOal9HLVKFzZuO6Km/overview_page/vQiYQC6uxgUu9vbioa2TVr",
	"solutionId": "1",
	"solution": "SuccessFactors",
	"moduleId": "2",
	"module": "Learning Management Solution",
	"deliveryDate": "2/1/2019"

}, {
	"ID": 3,
	"customerId": "202894",
	"customerName": "",
	"businessGoal": "Decrease Turnover",
	"businessGoalId": "2",
	"valueDriver": "Process Speed",
	"serviceType": "Enablement material",
	"serviceItem": "Webinar - Successfactors  Performance and Goal Management",
	"link": "https://preferredsuccess.sap.com/groups/a2GdMCpL9P9IHk3HVs5DXr/overview_page/lt3uADI0mEAON4v7PX07uP",
	"solutionId": "1",
	"solution": "SuccessFactors",
	"moduleId": "3",
	"module": "Compensation Management",
	"deliveryDate": "5/1/2019"
}, {
	"ID": 4,
	"customerId": "202894",
	"customerName": "",
	"businessGoalId": "2",
	"businessGoal": "Decrease Turnover",
	"valueDriver": "Process Speed",
	"serviceType": "Enablement material",
	"serviceItem": "Webinar - Successfactors  Compensation Management",
	"link": "https://preferredsuccess.sap.com/groups/Qo2rdvQrZ2cxjNCnHfxoKy/overview_page/OorWanqk0oQQlXfB1QXgeF",
	"solutionId": "1",
	"solution": "SuccessFactors",
	"moduleId": "3",
	"module": "Compensation Management",
	"deliveryDate": "10/1/2018"
}, {
	"ID": 5,
	"customerId": "202894",
	"customerName": "",
	"businessGoalId": "2",
	"businessGoal": "Decrease Turnover",
	"valueDriver": "Process Speed",
	"serviceType": "Enablement material",
	"serviceItem": "Webinar - Successfactors  Recruitment Management Advanced",
	"link": "https://preferredsuccess.sap.com/groups/VQhag3a3OkoTCLMf789UsJ/overview_page/qFNGHduXEZKFT04BoN3qdj",
	"solutionId": "1",
	"solution": "SuccessFactors",
	"moduleId": "1",
	"module": "Recruitment Management",
	"deliveryDate": "10/1/2018"
}, {
	
	"ID": 7,
	"customerId": "202894",
	"customerName": "",
	"businessGoalId": "5",
	"businessGoal": "Reduce Costs",
	"valueDriver": "Increase Business Performance",
	"serviceType": "Enablement material",
	"serviceItem": "Webinar Remote Training WS - SAP S/4 HANA Cloud - Finance",
	"link": "https://preferredsuccess.sap.com/groups/Vhh6mPuJzcOxgB77OMcJIK/overview_page/eLEqCCAR3B0zljb1zppt2T",
	"solutionId": "2",
	"solution": "S/4 HANA Cloud",
	"moduleId": "4",
	"module": "Finance",
	"deliveryDate": "8/1/2018"
}, {
	"ID": 8,
	"customerId": "202894",
	"customerName": "",
	"businessGoalId": "6",
	"businessGoal": "Increase LO Efficiency",
	"valueDriver": "Decrease Operational costs",
	"serviceType": "Enablement material",
	"serviceItem": "Webinar Remote Training WS - SAP S/4 HANA Cloud - Materials Management",
	"link": "https://preferredsuccess.sap.com/groups/Vhh6mPuJzcOxgB77OMcJIK/overview_page/eLEqCCAR3B0zljb1zppt2T",
	"solutionId": "2",
	"solution": "S/4 HANA Cloud",
	"moduleId": "6",
	"module": "Materials Management",
	"deliveryDate": "9/1/2018"

}, {
	"ID": 10,
	"customerId": "202894",
	"customerName": "",
	"businessGoalId": "6",
	"businessGoal": "Increase LO Efficiency",
	"valueDriver": "Project Efficiency",
	"serviceType": "Enablement material",
	"serviceItem": "Webinar Remote Training WS - SAP S/4 HANA Cloud - Logistics",
	"link": "https://preferredsuccess.sap.com/groups/Vhh6mPuJzcOxgB77OMcJIK/overview_page/eLEqCCAR3B0zljb1zppt2T",
	"solutionId": "2",
	"solution": "S/4 HANA Cloud",
	"moduleId": "5",
	"module": "Logistics",
	"deliveryDate": "1/1/2019"
}, {
	"ID": 16,
	"customerId": "2009445",
	"customerName": "",
	"businessGoalId": "1",
	"businessGoal": "Reduce Time to Hire",
	"valueDriver": "Process Integration",
	"serviceType": "Enablement material",
	"serviceItem": "Webinar - Successfactors  Recruitment Management Advanced",
	"link": "https://preferredsuccess.sap.com/groups/VQhag3a3OkoTCLMf789UsJ/overview_page/qFNGHduXEZKFT04BoN3qdj",
	"solutionId": "1",
	"solution": "SuccessFactors",
	"moduleId": "1",
	"module": "Recruitment Management",
	"deliveryDate": "8/1/2018"
}, {
	"ID": 17,
	"customerId": "2009445",
	"customerName": "",
	"businessGoalId": "1",
	"businessGoal": "Reduce Time to Hire",
	"valueDriver": "Process Integration",
	"serviceType": "Enablement material",
	"serviceItem": "Webinar Remote Training WS - Successfactors Recruitment Management",
	"link": "https://preferredsuccess.sap.com/groups/VQhag3a3OkoTCLMf789UsJ/overview_page/qFNGHduXEZKFT04BoN3qdj",
	"solutionId": "1",
	"solution": "SuccessFactors",
	"moduleId": "1",
	"module": "Recruitment Management",
	"deliveryDate": "9/1/2018"
}, {
	"ID": 18,
	"customerId": "2009445",
	"customerName": "",
	"businessGoal": "Decrease Turnover",
	"businessGoalId": "2",
	"valueDriver": "Process Speed",
	"serviceType": "Enablement material",
	"serviceItem": "Webinar - Successfactors  Learning Management Solution",
	"link": "https://preferredsuccess.sap.com/groups/Ol8xehOal9HLVKFzZuO6Km/overview_page/vQiYQC6uxgUu9vbioa2TVr",
	"solutionId": "1",
	"solution": "SuccessFactors",
	"moduleId": "2",
	"module": "Learning Management Solution",
	"deliveryDate": "8/1/2018"
}, {
	"ID": 19,
	"customerId": "2009445",
	"customerName": "",
	"businessGoal": "Decrease Turnover",
	"businessGoalId": "2",
	"valueDriver": "Process Speed",
	"serviceType": "Enablement material",
	"serviceItem": "Webinar - Successfactors  Performance and Goal Management",
	"link": "https://preferredsuccess.sap.com/groups/a2GdMCpL9P9IHk3HVs5DXr/overview_page/lt3uADI0mEAON4v7PX07uP",
	"solutionId": "1",
	"solution": "SuccessFactors",
	"moduleId": "30",
	"module": "Performance and Goal Management",
	"deliveryDate": "1/1/2019"
}, {
	"ID": 20,
	"customerId": "2009445",
	"customerName": "",
	"businessGoal": "Increase HR Efficiency",
	"businessGoalId": "3",
	"valueDriver": "Decrease Operational costs",
	"serviceType": "Enablement material",
	"serviceItem": "Webinar - Successfactors  Compensation Management",
	"link": "https://preferredsuccess.sap.com/groups/Qo2rdvQrZ2cxjNCnHfxoKy/overview_page/OorWanqk0oQQlXfB1QXgeF",
	"solutionId": "1",
	"solution": "SuccessFactors",
	"moduleId": "3",
	"module": "Compensation Management",
	"deliveryDate": "10/1/2018"
}, {
	"ID": 21,
	"customerId": "2009445",
	"customerName": "",
	"businessGoal": "Increase HR Efficiency",
	"businessGoalId": "3",
	"valueDriver": "Project Efficiency",
	"serviceType": "Enablement material",
	"serviceItem": "Webinar - Successfactors  Succession Management Advanced",
	"link": "https://preferredsuccess.sap.com/groups/bWlAen3YCxlwJHkCooeqMH/overview_page/SXcStuO0CpqO3NecU1CXI6",
	"solutionId": "1",
	"solution": "SuccessFactors",
	"moduleId": "8",
	"module": "Succession Management",
	"deliveryDate": "10/1/2018"
}, {
	"ID": 22,
	"customerId": "1123464",
	"customerName": "",
	"businessGoal": "Reduce Time to Hire",
	"businessGoalId": "1",
	"valueDriver": "Process Integration",
	"serviceType": "Enablement material",
	"serviceItem": "Webinar Remote Training WS - Successfactors Recruitment Management",
	"link": "https://preferredsuccess.sap.com/groups/VQhag3a3OkoTCLMf789UsJ/overview_page/qFNGHduXEZKFT04BoN3qdj",
	"solutionId": "1",
	"solution": "SuccessFactors",
	"moduleId": "1",
	"module": "Recruitment Management",
	"deliveryDate": "1/1/2019"
}, {
	"ID": 23,
	"customerId": "1123464",
	"customerName": "",
	"businessGoal": "Reduce Time to Hire",
	"businessGoalId": "1",
	"valueDriver": "Process Integration",
	"serviceType": "Enablement material",
	"serviceItem": "Webinar - Successfactors  Learning Management Solution",
	"link": "https://preferredsuccess.sap.com/groups/Ol8xehOal9HLVKFzZuO6Km/overview_page/vQiYQC6uxgUu9vbioa2TVr",
	"solutionId": "1",
	"solution": "SuccessFactors",
	"moduleId": "2",
	"module": "Learning Management Solution",
	"deliveryDate": "2/1/2019"
}, {
	"ID": 24,
	"customerId": "1123464",
	"customerName": "",
	"businessGoal": "Decrease Turnover",
	"businessGoalId": "2",
	"valueDriver": "Process Speed",
	"serviceType": "Enablement material",
	"serviceItem": "Webinar - Successfactors  Performance and Goal Management",
	"link": "https://preferredsuccess.sap.com/groups/a2GdMCpL9P9IHk3HVs5DXr/overview_page/lt3uADI0mEAON4v7PX07uP",
	"solutionId": "1",
	"solution": "SuccessFactors",
	"moduleId": "30",
	"module": "Performance and Goal Management",
	"deliveryDate": "5/1/2019"
}, {
	"ID": 25,
	"customerId": "1123464",
	"customerName": "",
	"businessGoal": "Decrease Turnover",
	"businessGoalId": "2",
	"valueDriver": "Process Speed",
	"serviceType": "Enablement material",
	"serviceItem": "Webinar - Successfactors  Compensation Management",
	"link": "https://preferredsuccess.sap.com/groups/Qo2rdvQrZ2cxjNCnHfxoKy/overview_page/OorWanqk0oQQlXfB1QXgeF",
	"solutionId": "1",
	"solution": "SuccessFactors",
	"moduleId": "3",
	"module": "Compensation Management",
	"deliveryDate": "10/1/2018"
}, {
	"ID": 26,
	"customerId": "1123464",
	"customerName": "",
	"businessGoal": "Decrease Turnover",
	"businessGoalId": "2",
	"valueDriver": "Process Speed",
	"serviceType": "Enablement material",
	"serviceItem": "Webinar - Successfactors  Recruitment Management Advanced",
	"link": "https://preferredsuccess.sap.com/groups/VQhag3a3OkoTCLMf789UsJ/overview_page/qFNGHduXEZKFT04BoN3qdj",
	"solutionId": "1",
	"solution": "SuccessFactors",
	"moduleId": "1",
	"module": "Recruitment Management",
	"deliveryDate": "10/1/2018"
}, {
	"ID": 27,
	"customerId": "1123464",
	"customerName": "",
	"businessGoal": "Decrease Turnover",
	"businessGoalId": "2",
	"valueDriver": "Employee Engagement",
	"serviceType": "Enablement material",
	"serviceItem": "Webinar - Successfactors  Succession Management Advanced",
	"link": "https://preferredsuccess.sap.com/groups/bWlAen3YCxlwJHkCooeqMH/overview_page/SXcStuO0CpqO3NecU1CXI6",
	"solutionId": "1",
	"solution": "SuccessFactors",
	"moduleId": "8",
	"module": "Succession Management",
	"deliveryDate": "9/1/2018"
}, {
	"ID": 28,
	"customerId": "1123464",
	"customerName": "",
	"businessGoal": "Reduce Costs",
	"businessGoalId": "5",
	"valueDriver": "Increase Business Performance",
	"serviceType": "Enablement material",
	"serviceItem": "Webinar Remote Training WS - SAP S/4 HANA Cloud - Finance",
	"link": "https://preferredsuccess.sap.com/groups/Vhh6mPuJzcOxgB77OMcJIK/overview_page/eLEqCCAR3B0zljb1zppt2T",
	"solutionId": "2",
	"solution": "S/4 HANA Cloud",
	"module": "Finance",
	"moduleId": "4",
	"deliveryDate": "8/1/2018"
}, {
	"ID": 29,
	"customerId": "1123464",
	"customerName": "",
	"businessGoal": "Increase LO Efficiency",
	"businessGoalId": "6",
	"valueDriver": "Decrease Operational costs",
	"serviceType": "Enablement material",
	"serviceItem": "Webinar Remote Training WS - SAP S/4 HANA Cloud - Materials Management",
	"link": "https://preferredsuccess.sap.com/groups/Vhh6mPuJzcOxgB77OMcJIK/overview_page/eLEqCCAR3B0zljb1zppt2T",
	"solutionId": "2",
	"solution": "S/4 HANA Cloud",
	"moduleId": "6",
	"module": "Materials Management",
	"deliveryDate": "9/1/2018"
}, {
	"ID": 30,
	"customerId": "1123464",
	"customerName": "",
	"businessGoal": "Increase LO Efficiency",
	"businessGoalId": "6",
	"valueDriver": "Project Efficiency",
	"serviceType": "Enablement material",
	"serviceItem": "Webinar Remote Training WS - SAP S/4 HANA Cloud - Sales & Distribution",
	"link": "https://preferredsuccess.sap.com/groups/Vhh6mPuJzcOxgB77OMcJIK/overview_page/eLEqCCAR3B0zljb1zppt2T",
	"solutionId": "2",
	"solution": "S/4 HANA Cloud",
	"moduleId": "7",
	"module": "Sales & Distribution",
	"deliveryDate": "8/1/2018"
}, {
	"ID": 31,
	"customerId": "1123464",
	"customerName": "",
	"businessGoal": "Increase LO Efficiency",
	"businessGoalId": "6",
	"valueDriver": "Project Efficiency",
	"serviceType": "Enablement material",
	"serviceItem": "Webinar Remote Training WS - SAP S/4 HANA Cloud - Logistics",
	"link": "https://preferredsuccess.sap.com/groups/Vhh6mPuJzcOxgB77OMcJIK/overview_page/eLEqCCAR3B0zljb1zppt2T",
	"solutionId": "2",
	"solution": "S/4 HANA Cloud",
	"moduleId": "6",
	"module": "Logistics",
	"deliveryDate": "1/1/2019"
}, {
	"ID": 32,
	"customerId": "5674186",
	"customerName": "",
	"businessGoal": "Increase Quality Applicants",
	"businessGoalId": "7",
	"valueDriver": "Decreased Turnover",
	"serviceType": "Enablement material",
	"serviceItem": "Account Simplification - SuccessFactors  Recruitment Management",
	"link": "https://preferredsuccess.sap.com/groups/VQhag3a3OkoTCLMf789UsJ/overview_page/qFNGHduXEZKFT04BoN3qdj",
	"solutionId": "1",
	"solution": "SAP SuccessFactors",
	"moduleId": "1",
	"module": "Recruitment Management",
	"deliveryDate": "1/2/2019"
}, {
	"ID": 33,
	"customerId": "5674186",
	"customerName": "",
	"businessGoalId": "8",
	"businessGoal": "Optimize recruitment processes",
	"valueDriver": "Decrease Operational Cost",
	"serviceType": "Enablement material",
	"serviceItem": "Account Simplification - SuccessFactors  Recruitment Management",
	"link": "https://preferredsuccess.sap.com/groups/VQhag3a3OkoTCLMf789UsJ/overview_page/qFNGHduXEZKFT04BoN3qdj",
	"solutionId": "1",
	"solution": "SAP SuccessFactors",
	"moduleId": "1",
	"module": "Recruitment Management",
	"deliveryDate": "01/05/2019"
}, {
	"ID": 34,
	"customerId": "5674186",
	"customerName": "",
	"businessGoal": "Optimize recruitment processes",
	"businessGoalId": "8",
	"valueDriver": "User Adoption of Processes",
	"serviceType": "Enablement material",
	"serviceItem": "PS Webinar Candidate Relationship - SuccessFactors  Recruitment Management",
	"link": "https://preferredsuccess.sap.com/groups/VQhag3a3OkoTCLMf789UsJ/overview_page/qFNGHduXEZKFT04BoN3qdj",
	"solutionId": "1",
	"solution": "SAP SuccessFactors",
	"moduleId": "1",
	"module": "Recruitment Management",
	"deliveryDate": "01/10/2018"
}, {
	"ID": 35,
	"customerId": "5674186",
	"customerName": "",
	"businessGoal": "Early Talent",
	"businessGoalId": "9",
	"valueDriver": "Process Integration",
	"serviceType": "Enablement material",
	"serviceItem": "PS Webinar Early Talent",
	"link": "https://preferredsuccess.sap.com/groups/bWlAen3YCxlwJHkCooeqMH/overview_page/SXcStuO0CpqO3NecU1CXI6",
	"solutionId": "1",
	"solution": "SAP SuccessFactors",
	"moduleId": "8",
	"module": "Succession & Development",
	"deliveryDate": "01/10/2018"

}, {
	"ID": 37,
	"customerId": "5674186",
	"customerName": "",
	"businessGoalId": "11",
	"businessGoal": "Define a transparent framework for succession planning",
	"valueDriver": "User Adoption of Processes",
	"serviceType": "Enablement material",
	"serviceItem": "PS Webinar Succession Planning - with Company Strategy",
	"link": "https://preferredsuccess.sap.com/groups/bWlAen3YCxlwJHkCooeqMH/overview_page/SXcStuO0CpqO3NecU1CXI6",
	"solutionId": "1",
	"solution": "SAP SuccessFactors",
	"moduleId": "8",
	"module": "Succession & Development",
	"deliveryDate": "01/10/2018"
}, {
	"ID": 38,
	"customerId": "5674186",
	"customerName": "",
	"businessGoalId": "12",
	"businessGoal": "Provide quality and cost-effective learning and development content and tools",
	"valueDriver": "User Adoption of Processes",
	"serviceType": "Enablement material",
	"serviceItem": "PS Webinar Learning Management Solution",
	"link": "https://preferredsuccess.sap.com/groups/Ol8xehOal9HLVKFzZuO6Km/overview_page/vQiYQC6uxgUu9vbioa2TVr",
	"solutionId": "1",
	"solution": "SAP SuccessFactors",
	"moduleId": "2",
	"module": "Learning Management Solution",
	"deliveryDate": "01/10/2018"
}
]