[
    {
      "ID": 1,
      "customerID": "202894",
      "customerName": "Intelligence Enterprise SE",
      "businessGoalID": "1",
      "businessGoal": "Reduce Time to Hire",
      "valueDriver": "Process Integration",
      "serviceType": "Success Check",
      "serviceItem": "Success Check for SAP SuccessFactors - Recruitment Management",
      "linkServiceItem": "./documents/DeliveredServices/Intelligence_Enterprise_Inc.docx",
      "solutionID": "1",
      "solution": "SAP SuccessFactors",
      "moduleID": "1",
      "module": "Recruitment Management",
      "deliveryDate": "/Date(1546293600000)/"
    },
    {
      "ID": 2,
      "customerID": "202894",
      "customerName": "Intelligence Enterprise SE",
      "businessGoalID": "1",
      "businessGoal": "Reduce Time to Hire",
      "valueDriver": "Process Integration",
      "serviceType": "Adoption Advisory",
      "serviceItem": "Adoption Advisory Service for SAP SuccessFactors RM features",
      "linkServiceItem": "./documents/DeliveredServices/Adoption_Plan_Intelligence_Enterprise.xlsx",
      "solutionID": "1",
      "solution": "SAP SuccessFactors",
      "moduleID": "1",
      "module": "Recruitment Management",
      "deliveryDate": "/Date(1546380000000)/"
    },
    {
      "ID": 3,
      "customerID": "202894",
      "customerName": "Intelligence Enterprise SE",
      "businessGoalID": "2",
      "businessGoal": "Decrease Turnover",
      "valueDriver": "Process Speed",
      "serviceType": "Success Check",
      "serviceItem": "Success Check for SAP SuccessFactors - Recruitment Management",
      "linkServiceItem": "./documents/DeliveredServices/Intelligence_Enterprise_Inc.docx",
      "solutionID": "1",
      "solution": "SAP SuccessFactors",
      "moduleID": "3",
      "module": "Compensation Management",
      "deliveryDate": "/Date(1546639200000)/"
    },
    {
      "ID": 4,
      "customerID": "202894",
      "customerName": "Intelligence Enterprise SE",
      "businessGoalID": "2",
      "businessGoal": "Decrease Turnover",
      "valueDriver": "Process Speed",
      "serviceType": "Success Check",
      "serviceItem": "Success Check for SAP SuccessFactors - Performance and Goal Management",
      "linkServiceItem": "./documents/DeliveredServices/Intelligence_Enterprise_Inc.docx",
      "solutionID": "1",
      "solution": "SAP SuccessFactors",
      "moduleID": "3",
      "module": "Compensation Management",
      "deliveryDate": "/Date(1515535200000)/"
    },
    {
      "ID": 5,
      "customerID": "202894",
      "customerName": "Intelligence Enterprise SE",
      "businessGoalID": "2",
      "businessGoal": "Decrease Turnover",
      "valueDriver": "Process Speed",
      "serviceType": "Success Check",
      "serviceItem": "Success Check for SAP SuccessFactors - Learning Management Solution",
      "linkServiceItem": "./documents/DeliveredServices/Intelligence_Enterprise_Inc.docx",
      "solutionID": "1",
      "solution": "SAP SuccessFactors",
      "moduleID": "3",
      "module": "Compensation Management",
      "deliveryDate": "/Date(1515535200000)/"
    },
    {
      "ID": 6,
      "customerID": "202894",
      "customerName": "Intelligence Enterprise SE",
      "businessGoalID": "2",
      "businessGoal": "Decrease Turnover",
      "valueDriver": "Employee Engagement",
      "serviceType": "Success Check",
      "serviceItem": "Success Check for SAP SuccessFactors - Compensation",
      "linkServiceItem": "./documents/DeliveredServices/Intelligence_Enterprise_Inc.docx",
      "solutionID": "1",
      "solution": "SAP SuccessFactors",
      "moduleID": "3",
      "module": "Compensation Management",
      "deliveryDate": "/Date(1515448800000)/"
    },
    {
      "ID": 7,
      "customerID": "202894",
      "customerName": "Intelligence Enterprise SE",
      "businessGoalID": "2",
      "businessGoal": "Decrease Turnover",
      "valueDriver": "Increase Business Performance",
      "serviceType": "Adoption Advisory",
      "serviceItem": "Adoption Advisory Service for SAP SuccessFactors  LMS features",
      "linkServiceItem": "./documents/DeliveredServices/Adoption_Plan_Intelligence_Enterprise.xlsx",
      "solutionID": "1",
      "solution": "SAP SuccessFactors",
      "moduleID": "3",
      "module": "Compensation Management",
      "deliveryDate": "/Date(1515362400000)/"
    },
    {
      "ID": 8,
      "customerID": "202894",
      "customerName": "Intelligence Enterprise SE",
      "businessGoalID": "3",
      "businessGoal": "Increase HR Efficiency",
      "valueDriver": "Decrease Operational costs",
      "serviceType": "Success Check",
      "serviceItem": "Success Check for SAP SuccessFactors - Compensation",
      "linkServiceItem": "./documents/DeliveredServices/Intelligence_Enterprise_Inc.docx",
      "solutionID": "1",
      "solution": "SAP SuccessFactors",
      "moduleID": "1",
      "module": "Recruitment Management",
      "deliveryDate": "/Date(1515448800000)/"
    },
    {
      "ID": 9,
      "customerID": "202894",
      "customerName": "Intelligence Enterprise SE",
      "businessGoalID": "3",
      "businessGoal": "Increase HR Efficiency",
      "valueDriver": "Project Efficiency",
      "serviceType": "Adoption Advisory",
      "serviceItem": "Adoption Advisory Service for SAP SuccessFactors  Compensation features",
      "linkServiceItem": "./documents/DeliveredServices/Adoption_Plan_Intelligence_Enterprise.xlsx",
      "solutionID": "1",
      "solution": "SAP SuccessFactors",
      "moduleID": "1",
      "module": "Recruitment Management",
      "deliveryDate": "/Date(1515362400000)/"
    },
    {
      "ID": 10,
      "customerID": "202894",
      "customerName": "Intelligence Enterprise SE",
      "businessGoalID": "14",
      "businessGoal": "Improve Company Culture",
      "valueDriver": "Project Efficiency",
      "serviceType": "Adoption Advisory",
      "serviceItem": "Adoption Advisory Service for SAP SuccessFactors  Recruitment Management",
      "linkServiceItem": "./documents/DeliveredServices/Adoption_Plan_Intelligence_Enterprise.xlsx",
      "solutionID": "1",
      "solution": "SAP SuccessFactors",
      "moduleID": "1",
      "module": "Recruitment Management",
      "deliveryDate": "/Date(1555275600000)/"
    },
    {
      "ID": 11,
      "customerID": "202894",
      "customerName": "Intelligence Enterprise SE",
      "businessGoalID": "15",
      "businessGoal": "Identify Talents",
      "valueDriver": "User Adoption",
      "serviceType": "Success Check",
      "serviceItem": "Success Check for SAP SuccessFactors - Recruitment Management",
      "linkServiceItem": "./documents/DeliveredServices/Intelligence_Enterprise_Inc.docx",
      "solutionID": "1",
      "solution": "SAP SuccessFactors",
      "moduleID": "1",
      "module": "Recruitment Management",
      "deliveryDate": "/Date(1553464800000)/"
    },
    {
      "ID": 12,
      "customerID": "202894",
      "customerName": "Intelligence Enterprise SE",
      "businessGoalID": "5",
      "businessGoal": "Reduce Costs",
      "valueDriver": "Data Accurency",
      "serviceType": "Success Check",
      "serviceItem": "Success Check for SAP S/4 HANA Cloud - Finance Solution",
      "linkServiceItem": "./documents/DeliveredServices/Intelligence_Enterprise_Inc.docx",
      "solutionID": "2",
      "solution": "SAP S/4 HANA Cloud",
      "moduleID": "4",
      "module": "Finance",
      "deliveryDate": "/Date(1547503200000)/"
    },
    {
      "ID": 13,
      "customerID": "202894",
      "customerName": "Intelligence Enterprise SE",
      "businessGoalID": "5",
      "businessGoal": "Reduce Costs",
      "valueDriver": "User Adoption",
      "serviceType": "Adoption Advisory",
      "serviceItem": "Adoption Advisory Service for SAP S/4 HANA Cloud features",
      "linkServiceItem": "./documents/DeliveredServices/Adoption_Plan_Intelligence_Enterprise.xlsx",
      "solutionID": "2",
      "solution": "SAP S/4 HANA Cloud",
      "moduleID": "4",
      "module": "Finance",
      "deliveryDate": "/Date(1544824800000)/"
    },
    {
      "ID": 14,
      "customerID": "202894",
      "customerName": "Intelligence Enterprise SE",
      "businessGoalID": "6",
      "businessGoal": "Increase LO Efficiency",
      "valueDriver": "Increase Business Performance",
      "serviceType": "Success Check",
      "serviceItem": "Success Check for SAP S/4 HANA Cloud - Finance Logistics",
      "linkServiceItem": "./documents/DeliveredServices/Intelligence_Enterprise_Inc.docx",
      "solutionID": "2",
      "solution": "SAP S/4 HANA Cloud",
      "moduleID": "5",
      "module": "Logistics",
      "deliveryDate": "/Date(1546293600000)/"
    },
    {
      "ID": 15,
      "customerID": "202894",
      "customerName": "Intelligence Enterprise SE",
      "businessGoalID": "6",
      "businessGoal": "Increase LO Efficiency",
      "valueDriver": "User Adoption",
      "serviceType": "Adoption Advisory",
      "serviceItem": "Adoption Advisory Service for SAP S/4 HANA Cloud features",
      "linkServiceItem": "./documents/DeliveredServices/Adoption_Plan_Intelligence_Enterprise.xlsx",
      "solutionID": "2",
      "solution": "SAP S/4 HANA Cloud",
      "moduleID": "5",
      "module": "Logistics",
      "deliveryDate": "/Date(1546380000000)/"
    },
    {
      "ID": 16,
      "customerID": "5674186",
      "customerName": "Tapestry Inc",
      "businessGoalID": "7",
      "businessGoal": "Increase Quality Applicants",
      "valueDriver": "Improve Business Performance",
      "serviceType": "Success Check",
      "serviceItem": "Success Check Job Requisition / Job Posting",
      "linkServiceItem": "./documents/DeliveredServices/Tapestry_Inc.docx",
      "solutionID": "1",
      "solution": "SAP SuccessFactors",
      "moduleID": "1",
      "module": "Recruitment Management",
      "deliveryDate": "/Date(1546639200000)/"
    },
    {
      "ID": 17,
      "customerID": "5674186",
      "customerName": "Tapestry Inc",
      "businessGoalID": "8",
      "businessGoal": "Optimize recruitment processes",
      "valueDriver": "Process Speed",
      "serviceType": "Success Check",
      "serviceItem": "Success Check Job Requisition / Job Posting",
      "linkServiceItem": "./documents/DeliveredServices/Tapestry_Inc.docx",
      "solutionID": "1",
      "solution": "SAP SuccessFactors",
      "moduleID": "1",
      "module": "Recruitment Management",
      "deliveryDate": "/Date(1515535200000)/"
    },
    {
      "ID": 18,
      "customerID": "5674186",
      "customerName": "Tapestry Inc",
      "businessGoalID": "9",
      "businessGoal": "Early Talent",
      "valueDriver": "User Experience",
      "serviceType": "Adoption Advisory",
      "serviceItem": "Adoption Advisory Feature Service",
      "linkServiceItem": "./documents/DeliveredServices/Adoption_Plan_Tapestry.xlsx",
      "solutionID": "1",
      "solution": "SAP SuccessFactors",
      "moduleID": "1",
      "module": "Recruitment Management",
      "deliveryDate": "/Date(1515535200000)/"
    },
   
    {
      "ID": 21,
      "customerID": "5674186",
      "customerName": "Tapestry Inc",
      "businessGoalID": "11",
      "businessGoal": "Define a transparent framework for succession planning",
      "valueDriver": "User Experience",
      "serviceType": "Success Check",
      "serviceItem": "Success Check Nomination Settings",
      "linkServiceItem": "./documents/DeliveredServices/Tapestry_Inc.docx",
      "solutionID": "1",
      "solution": "SAP SuccessFactors",
      "moduleID": "8",
      "module": "Succession & Development",
      "deliveryDate": "/Date(1515448800000)/"
    },
    {
      "ID": 22,
      "customerID": "5674186",
      "customerName": "Tapestry Inc",
      "businessGoalID": "12",
      "businessGoal": "Provide quality and cost-effective learning and development content and tools",
      "valueDriver": "User Adoption of Processes",
      "serviceType": "Adoption Advisory",
      "serviceItem": "Adoption Advisory Feature Service",
      "linkServiceItem": "./documents/DeliveredServices/Adoption_Plan_Tapestry.xlsx",
      "solutionID": "1",
      "solution": "SAP SuccessFactors",
      "moduleID": "2",
      "module": "Learning Management Solution",
      "deliveryDate": "/Date(1515362400000)/"
    },
    {
      "ID": 23,
      "customerID": "2009445",
      "customerName": "Space Rocket AG",
      "businessGoalID": "1",
      "businessGoal": "Reduce Time to Hire",
      "valueDriver": "Process Integration",
      "serviceType": "Success Check",
      "serviceItem": "Success Check for SAP SuccessFactors - Recruitment Management",
      "linkServiceItem": "./documents/DeliveredServices/Space_Rocket_AG.docx",
      "solutionID": "1",
      "solution": "SAP SuccessFactors",
      "moduleID": "1",
      "module": "Recruitment Management",
      "deliveryDate": "/Date(1546293600000)/"
    },
    {
      "ID": 24,
      "customerID": "2009445",
      "customerName": "Space Rocket AG",
      "businessGoalID": "1",
      "businessGoal": "Reduce Time to Hire",
      "valueDriver": "Process Integration",
      "serviceType": "Adoption Advisory",
      "serviceItem": "Adoption Advisory Service for SAP SuccessFactors RM features",
      "linkServiceItem": "./documents/DeliveredServices/Adoption_Plan_Space_Rockets.xlsx",
      "solutionID": "1",
      "solution": "SAP SuccessFactors",
      "moduleID": "1",
      "module": "Recruitment Management",
      "deliveryDate": "/Date(1546380000000)/"
    },
    {
      "ID": 25,
      "customerID": "2009445",
      "customerName": "Space Rocket AG",
      "businessGoalID": "2",
      "businessGoal": "Decrease Turnover",
      "valueDriver": "Process Speed",
      "serviceType": "Success Check",
      "serviceItem": "Success Check for SAP SuccessFactors - Recruitment Management",
      "linkServiceItem": "./documents/DeliveredServices/Space_Rocket_AG.docx",
      "solutionID": "1",
      "solution": "SAP SuccessFactors",
      "moduleID": "3",
      "module": "Compensation Management",
      "deliveryDate": "/Date(1546639200000)/"
    },
    {
      "ID": 26,
      "customerID": "2009445",
      "customerName": "Space Rocket AG",
      "businessGoalID": "2",
      "businessGoal": "Decrease Turnover",
      "valueDriver": "Process Speed",
      "serviceType": "Success Check",
      "serviceItem": "Success Check for SAP SuccessFactors - Performance and Goal Management",
      "linkServiceItem": "./documents/DeliveredServices/Space_Rocket_AG.docx",
      "solutionID": "1",
      "solution": "SAP SuccessFactors",
      "moduleID": "3",
      "module": "Compensation Management",
      "deliveryDate": "/Date(1515535200000)/"
    },
    {
      "ID": 27,
      "customerID": "2009445",
      "customerName": "Space Rocket AG",
      "businessGoalID": "2",
      "businessGoal": "Decrease Turnover",
      "valueDriver": "Process Speed",
      "serviceType": "Success Check",
      "serviceItem": "Success Check for SAP SuccessFactors - Learning Management Solution",
      "linkServiceItem": "./documents/DeliveredServices/Space_Rocket_AG.docx",
      "solutionID": "1",
      "solution": "SAP SuccessFactors",
      "moduleID": "3",
      "module": "Compensation Management",
      "deliveryDate": "/Date(1515535200000)/"
    },
    {
      "ID": 28,
      "customerID": "2009445",
      "customerName": "Space Rocket AG",
      "businessGoalID": "2",
      "businessGoal": "Decrease Turnover",
      "valueDriver": "Employee Engagement",
      "serviceType": "Success Check",
      "serviceItem": "Success Check for SAP SuccessFactors - Compensation",
      "linkServiceItem": "./documents/DeliveredServices/Space_Rocket_AG.docx",
      "solutionID": "1",
      "solution": "SAP SuccessFactors",
      "moduleID": "3",
      "module": "Compensation Management",
      "deliveryDate": "/Date(1515448800000)/"
    },
    {
      "ID": 29,
      "customerID": "2009445",
      "customerName": "Space Rocket AG",
      "businessGoalID": "2",
      "businessGoal": "Decrease Turnover",
      "valueDriver": "Increase Business Performance",
      "serviceType": "Adoption Advisory",
      "serviceItem": "Adoption Advisory Service for SAP SuccessFactors  LMS features",
      "linkServiceItem": "./documents/DeliveredServices/Adoption_Plan_Space_Rockets.xlsx",
      "solutionID": "1",
      "solution": "SAP SuccessFactors",
      "moduleID": "3",
      "module": "Compensation Management",
      "deliveryDate": "/Date(1515362400000)/"
    },
    {
      "ID": 30,
      "customerID": "2009445",
      "customerName": "Space Rocket AG",
      "businessGoalID": "3",
      "businessGoal": "Increase HR Efficiency",
      "valueDriver": "Decrease Operational costs",
      "serviceType": "Success Check",
      "serviceItem": "Success Check for SAP SuccessFactors - Compensation",
      "linkServiceItem": "./documents/DeliveredServices/Space_Rocket_AG.docx",
      "solutionID": "1",
      "solution": "SAP SuccessFactors",
      "moduleID": "1",
      "module": "Recruitment Management",
      "deliveryDate": "/Date(1515448800000)/"
    },
    {
      "ID": 31,
      "customerID": "2009445",
      "customerName": "Space Rocket AG",
      "businessGoalID": "3",
      "businessGoal": "Increase HR Efficiency",
      "valueDriver": "Project Efficiency",
      "serviceType": "Adoption Advisory",
      "serviceItem": "Adoption Advisory Service for SAP SuccessFactors  Compensation features",
      "linkServiceItem": "./documents/DeliveredServices/Adoption_Plan_Space_Rockets.xlsx",
      "solutionID": "1",
      "solution": "SAP SuccessFactors",
      "moduleID": "1",
      "module": "Recruitment Management",
      "deliveryDate": "/Date(1515362400000)/"
    },
    {
      "ID": 32,
      "customerID": "1123464",
      "customerName": "Mars Discovery SE",
      "businessGoalID": "1",
      "businessGoal": "Reduce Time to Hire",
      "valueDriver": "Process Integration",
      "serviceType": "Success Check",
      "serviceItem": "Success Check for SAP SuccessFactors - Recruitment Management",
      "linkServiceItem": "./documents/DeliveredServices/Mars_Discovery_SE.docx",
      "solutionID": "1",
      "solution": "SAP SuccessFactors",
      "moduleID": "1",
      "module": "Recruitment Management",
      "deliveryDate": "/Date(1546293600000)/"
    },
    {
      "ID": 33,
      "customerID": "1123464",
      "customerName": "Mars Discovery SE",
      "businessGoalID": "2",
      "businessGoal": "Reduce Time to Hire",
      "valueDriver": "Process Integration",
      "serviceType": "Adoption Advisory",
      "serviceItem": "Adoption Advisory Service for SAP SuccessFactors RM features",
      "linkServiceItem": "./documents/DeliveredServices/Adoption_Plan_Mars.xlsx",
      "solutionID": "1",
      "solution": "SAP SuccessFactors",
      "moduleID": "1",
      "module": "Recruitment Management",
      "deliveryDate": "/Date(1546380000000)/"
    },
    {
      "ID": 34,
      "customerID": "1123464",
      "customerName": "Mars Discovery SE",
      "businessGoalID": "2",
      "businessGoal": "Decrease Turnover",
      "valueDriver": "Process Speed",
      "serviceType": "Success Check",
      "serviceItem": "Success Check for SAP SuccessFactors - Recruitment Management",
      "linkServiceItem": "./documents/DeliveredServices/Mars_Discovery_SE.docx",
      "solutionID": "2",
      "solution": "SAP SuccessFactors",
      "moduleID": "3",
      "module": "Compensation Management",
      "deliveryDate": "/Date(1546639200000)/"
    },
    {
      "ID": 35,
      "customerID": "1123464",
      "customerName": "Mars Discovery SE",
      "businessGoalID": "2",
      "businessGoal": "Decrease Turnover",
      "valueDriver": "Process Speed",
      "serviceType": "Success Check",
      "serviceItem": "Success Check for SAP SuccessFactors - Performance and Goal Management",
      "linkServiceItem": "./documents/DeliveredServices/Mars_Discovery_SE.docx",
      "solutionID": "1",
      "solution": "SAP SuccessFactors",
      "moduleID": "3",
      "module": "Compensation Management",
      "deliveryDate": "/Date(1515535200000)/"
    },
    {
      "ID": 36,
      "customerID": "1123464",
      "customerName": "Mars Discovery SE",
      "businessGoalID": "2",
      "businessGoal": "Decrease Turnover",
      "valueDriver": "Process Speed",
      "serviceType": "Success Check",
      "serviceItem": "Success Check for SAP SuccessFactors - Learning Management Solution",
      "linkServiceItem": "./documents/DeliveredServices/Mars_Discovery_SE.docx",
      "solutionID": "1",
      "solution": "SAP SuccessFactors",
      "moduleID": "3",
      "module": "Compensation Management",
      "deliveryDate": "/Date(1515535200000)/"
    },
    {
      "ID": 37,
      "customerID": "1123464",
      "customerName": "Mars Discovery SE",
      "businessGoalID": "2",
      "businessGoal": "Decrease Turnover",
      "valueDriver": "Employee Engagement",
      "serviceType": "Success Check",
      "serviceItem": "Success Check for SAP SuccessFactors - Compensation",
      "linkServiceItem": "./documents/DeliveredServices/Mars_Discovery_SE.docx",
      "solutionID": "1",
      "solution": "SAP SuccessFactors",
      "moduleID": "3",
      "module": "Compensation Management",
      "deliveryDate": "/Date(1515448800000)/"
    },
    {
      "ID": 38,
      "customerID": "1123464",
      "customerName": "Mars Discovery SE",
      "businessGoalID": "2",
      "businessGoal": "Decrease Turnover",
      "valueDriver": "Increase Business Performance",
      "serviceType": "Adoption Advisory",
      "serviceItem": "Adoption Advisory Service for SAP SuccessFactors  LMS features",
      "linkServiceItem": "./documents/DeliveredServices/Adoption_Plan_Mars.xlsx",
      "solutionID": "1",
      "solution": "SAP SuccessFactors",
      "moduleID": "3",
      "module": "Compensation Management",
      "deliveryDate": "/Date(1515362400000)/"
    },
    {
      "ID": 39,
      "customerID": "1123464",
      "customerName": "Mars Discovery SE",
      "businessGoalID": "3",
      "businessGoal": "Increase HR Efficiency",
      "valueDriver": "Decrease Operational costs",
      "serviceType": "Success Check",
      "serviceItem": "Success Check for SAP SuccessFactors - Compensation",
      "linkServiceItem": "./documents/DeliveredServices/Mars_Discovery_SE.docx",
      "solutionID": "1",
      "solution": "SAP SuccessFactors",
      "moduleID": "1",
      "module": "Recruitment Management",
      "deliveryDate": "/Date(1515448800000)/"
    },
    {
      "ID": 40,
      "customerID": "1123464",
      "customerName": "Mars Discovery SE",
      "businessGoalID": "3",
      "businessGoal": "Increase HR Efficiency",
      "valueDriver": "Project Efficiency",
      "serviceType": "Adoption Advisory",
      "serviceItem": "Adoption Advisory Service for SF  Compensation features", 
      "linkServiceItem": "./documents/DeliveredServices/Adoption_Plan_Mars.xlsx",
      "solution": "SuccessFactors", 
      "solutionID": "1", 
      "module": "Recruitment Management",
      "deliveryDate": "/Date(1515362400000)/"
    },
    {
      "ID": 41,
      "customerID": "1123464",
      "customerName": "Mars Discovery SE",
      "businessGoalID": "5",
      "businessGoal": "Reduce Costs",
      "valueDriver": "Data Accurency",
      "serviceType": "Success Check",
      "serviceItem": "Success Check for SAP S/4 HANA Cloud - Finance Solution",
      "linkServiceItem": "./documents/DeliveredServices/Mars_Discovery_SE.docx",
      "solutionID": "2",
      "solution": "SAP S/4 HANA Cloud",
      "moduleID": "4",
      "module": "Finance",
      "deliveryDate": "/Date(1555275600000)/"
    },
    {
      "ID": 42,
      "customerID": "1123464",
      "customerName": "Mars Discovery SE",
      "businessGoalID": "5",
      "businessGoal": "Reduce Costs",
      "valueDriver": "User Adoption",
      "serviceType": "Adoption Advisory",
      "serviceItem": "Adoption Advisory Service for SAP S/4 HANA Cloud features",
      "linkServiceItem": "./documents/DeliveredServices/Adoption_Plan_Mars.xlsx",
      "solutionID": "2",
      "solution": "SAP S/4 HANA Cloud",
      "moduleID": "4",
      "module": "Finance",
      "deliveryDate": "/Date(1553464800000)/"
    },
    {
      "ID": 43,
      "customerID": "1123464",
      "customerName": "Mars Discovery SE",
      "businessGoalID": "6",
      "businessGoal": "Increase LO Efficiency",
      "valueDriver": "Increase Business Performance",
      "serviceType": "Success Check",
      "serviceItem": "Success Check for SAP S/4 HANA Cloud - Finance Logistics",
      "linkServiceItem": "./documents/DeliveredServices/Mars_Discovery_SE.docx",
      "solutionID": "2",
      "solution": "SAP S/4 HANA Cloud",
      "moduleID": "5",
      "module": "Logistics",
      "deliveryDate": "/Date(1547503200000)/"
    },
    {
      "ID": 44,
      "customerID": "1123464",
      "customerName": "Mars Discovery SE",
      "businessGoalID": "6",
      "businessGoal": "Increase LO Efficiency",
      "valueDriver": "User Adoption",
      "serviceType": "Adoption Advisory",
      "serviceItem": "Adoption Advisory Service for SAP S/4 HANA Cloud features",
      "linkServiceItem": "./documents/DeliveredServices/Adoption_Plan_Mars.xlsx",
      "solutionID": "2",
      "solution": "SAP S/4 HANA Cloud",
      "moduleID": "5",
      "module": "Logistics",
      "deliveryDate": "/Date(1544824800000)/"
    }
  ]