[
    {
      "ID": 1,
      "customerId": "202894",
      "customerName": "James Hardie",
      "solutionId": "1",
      "solution": "SuccessFactors",
      "webinarTitle": "SAP Successfactors Recruitment Management",
      "webinarSubtitle": "PS Webinar Remote Training WS",
      "link": "https://preferredsuccess.sap.com/home/hSjZHkmd3osJhD3DXQ6MKM",
      "date": "10/05/2019",       
      "betweenHours": "3pm - 5pm"
    },
    {
      "ID": 2,
      "customerId": "202894",
      "customerName": "James Hardie",
      "solutionId": "1",
      "solution": "SuccessFactors",
      "webinarTitle": "Successfactors Learning Management Solution",
      "webinarSubtitle": "PS Webinar",
      "link": "https://preferredsuccess.sap.com/home/hSjZHkmd3osJhD3DXQ6MKM",
      "date": "20/05/2019",       
      "betweenHours": "3pm - 5pm"
    },
    {
      "ID": 3,
      "customerId": "202894",
      "customerName": "James Hardie",
      "solutionId": "1",
      "solution": "SuccessFactors",
      "webinarTitle": "Successfactors Performance and Goal Management",
      "webinarSubtitle": "PS Webinar",
      "link": "https://preferredsuccess.sap.com/home/hSjZHkmd3osJhD3DXQ6MKM",
      "date": "01/06/2019",       
      "betweenHours": "3pm - 5pm"
    },
    {
      "ID": 4,
      "customerId": "202894",
      "customerName": "James Hardie",
      "solutionId": "2",
      "solution": "S/4 HANA Cloud",
      "webinarTitle": "SAP S/4 HANA Cloud - Finance",
      "webinarSubtitle": "PS Webinar Remote Training WS",
      "link": "https://preferredsuccess.sap.com/home/hSjZHkmd3osJhD3DXQ6MKM",
      "date": "12/07/2019",       
      "betweenHours": "3pm - 5pm"
    },
    {
      "ID": 5,
      "customerId": "202894",
      "customerName": "James Hardie",
      "solutionId": "2",
      "solution": "S/4 HANA Cloud",
      "webinarTitle": "SAP S/4 HANA Cloud - Materials Management",
      "webinarSubtitle": "PS Webinar Remote Training WS",
      "link": "https://preferredsuccess.sap.com/home/hSjZHkmd3osJhD3DXQ6MKM",
      "date": "18/07/2019",       
      "betweenHours": "3pm - 5pm"
    },
    {
      "ID": 6,
      "customerId": "5674186",
      "customerName": "",
      "solutionId": "1",
      "solution": "SuccessFactors",
      "webinarTitle": "Candidate Account Simplification",
      "webinarSubtitle": "PS Webinar",
      "link": "https://preferredsuccess.sap.com/home/hSjZHkmd3osJhD3DXQ6MKM",
      "date": "10/05/2019",       
      "betweenHours": "3pm - 5pm"
    },
    {
      "ID": 7,
      "customerId": "5674186",
      "customerName": "",
      "solutionId": "1",
      "solution": "SuccessFactors",
      "webinarTitle": "Candidate Relationship Management Series",
      "webinarSubtitle": "PS Webinar",
      "link": "https://preferredsuccess.sap.com/home/hSjZHkmd3osJhD3DXQ6MKM",
      "date": "20/05/2019",       
      "betweenHours": "3pm - 5pm"
    },
    {
      "ID": 8,
      "customerId": "5674186",
      "customerName": "",
      "solutionId": "1",
      "solution": "SuccessFactors",
      "webinarTitle": "Early Talent",
      "webinarSubtitle": "PS Webinar",
      "link": "https://preferredsuccess.sap.com/home/hSjZHkmd3osJhD3DXQ6MKM",
      "date": "01/06/2019",       
      "betweenHours": "3pm - 5pm"
    },
    {
      "ID": 9,
      "customerId": "2009445",
      "customerName": "Ford Motor Company",
      "solutionId": "1",
      "solution": "SuccessFactors",
      "webinarTitle": "Successfactors Recruitment Management",
      "webinarSubtitle": "PS Webinar Remote Training WS",
      "link": "https://preferredsuccess.sap.com/home/hSjZHkmd3osJhD3DXQ6MKM",
      "date": "10/05/2019",       
      "betweenHours": "3pm - 5pm"
    },
    {
      "ID": 10,
      "customerId": "2009445",
      "customerName": "Ford Motor Company",
      "solutionId": "1",
      "solution": "SuccessFactors",
      "webinarTitle": "Successfactors Learning Management Solution",
      "webinarSubtitle": "PS Webinar",
      "link": "https://preferredsuccess.sap.com/home/hSjZHkmd3osJhD3DXQ6MKM",
      "date": "20/05/2019",       
      "betweenHours": "3pm - 5pm"
    },
    {
      "ID": 11,
      "customerId": "2009445",
      "customerName": "Ford Motor Company",
      "solution": "SuccessFactors",
      "solutionId": "1",
      "webinarTitle": "Successfactors Performance and Goal Management",
      "webinarSubtitle": "PS Webinar",
      "link": "https://preferredsuccess.sap.com/home/hSjZHkmd3osJhD3DXQ6MKM",
      "date": "01/06/2019",       
      "betweenHours": "3pm - 5pm"
    },
    {
      "ID": 12,
      "customerId": "1123464",
      "customerName": "BEARINGPOINT",
      "solutionId": "1",
      "solution": "SuccessFactors",
      "webinarTitle": "Successfactors Recruitment Management",
      "webinarSubtitle": "PS Webinar Remote Training WS",
      "link": "https://preferredsuccess.sap.com/home/hSjZHkmd3osJhD3DXQ6MKM",
      "date": "10/05/2019",       
      "betweenHours": "3pm - 5pm"
    },
    {
      "ID": 13,
      "customerId": "1123464",
      "customerName": "BEARINGPOINT",
      "solutionId": "1",
      "solution": "SuccessFactors",
      "webinarTitle": "Successfactors Learning Management Solution",
      "webinarSubtitle": "PS Webinar",
      "link": "https://preferredsuccess.sap.com/home/hSjZHkmd3osJhD3DXQ6MKM",
      "date": "20/05/2019",       
      "betweenHours": "3pm - 5pm"
    },
    {
      "ID": 14,
      "customerId": "1123464",
      "customerName": "BEARINGPOINT",
      "solutionId": "1",
      "solution": "SuccessFactors",
      "webinarTitle": "Successfactors  Performance and Goal Management",
      "webinarSubtitle": "PS Webinar",
      "link": "https://preferredsuccess.sap.com/home/hSjZHkmd3osJhD3DXQ6MKM",
      "date": "01/06/2019",       
      "betweenHours": "3pm - 5pm"
    },
    {
      "ID": 15,
      "customerId": "1123464",
      "customerName": "BEARINGPOINT",
      "solutionId": "2",
      "solution": "S/4 HANA Cloud",
      "webinarTitle": "SAP S/4 HANA Cloud - Finance",
      "webinarSubtitle": "PS Webinar Remote Training WS",
      "link": "https://preferredsuccess.sap.com/home/hSjZHkmd3osJhD3DXQ6MKM",
      "date": "12/07/2019",       
      "betweenHours": "3pm - 5pm"
    },
    {
      "ID": 16,
      "customerId": "1123464",
      "customerName": "BEARINGPOINT",
      "solutionId": "2",
      "solution": "S/4 HANA Cloud",
      "webinarTitle": "SAP S/4 HANA Cloud - Materials Management",
      "webinarSubtitle": "PS Webinar Remote Training WS",
      "link": "https://preferredsuccess.sap.com/home/hSjZHkmd3osJhD3DXQ6MKM",
      "date": "18/07/2019",       
      "betweenHours": "3pm - 5pm"
    }
  ]
