[
    {
      "ID": 1,
      "customerID": "202894",
      "customerName": "Intelligence Enterprise SE",
      "businessGoalID": "1", "businessGoal": "Reduce Time to Hire",
      "valueDriver": "Process Integration",
      "serviceType": "Success Check",
      "serviceItem": "Success Check for SAP SuccessFactors - Recruitment Management", 
      "linkServiceItem": "./documents/Services/Run_Safe_Check_for_SAP_SuccessFactors_Recruitment_Management.docx",
      "solutionID": "1",
      "solution": "SAP SuccessFactors",
      "moduleID": "1",
      "module": "Recruitment Management"
    },
    {
      "ID": 2,
      "customerID": "202894",
      "customerName": "Intelligence Enterprise SE",
      "businessGoalID": "1", "businessGoal": "Reduce Time to Hire",
      "valueDriver": "Process Integration",
      "serviceType": "Adoption Advisory",
      "serviceItem": "Adoption Advisory Service for SAP SuccessFactors RM features",  
      "linkServiceItem": "./documents/Services/Adoption_Advisory_Service_for_SAP_SuccessFactors_RM_features.docx",
      "solutionID": "1",
      "solution": "SAP SuccessFactors",
      "moduleID": "1",
      "module": "Recruitment Management"
    },
    {
      "ID": 3,
      "customerID": "202894",
      "customerName": "Intelligence Enterprise SE",
      "businessGoalID": "1", "businessGoal": "Reduce Time to Hire",
      "valueDriver": "User Experience",
      "serviceType": "Success Check",
      "serviceItem": "Success Check for SAP SuccessFactors - Recruitment Management", 
      "linkServiceItem": "./documents/Services/Run_Safe_Check_for_SAP_SuccessFactors_Recruitment_Management.docx",
      "solutionID": "1",
      "solution": "SAP SuccessFactors",
      "moduleID": "1",
      "module": "Recruitment Management"
    },
    {
      "ID": 4,
      "customerID": "202894",
      "customerName": "Intelligence Enterprise SE",
      "businessGoalID": "1", "businessGoal": "Reduce Time to Hire",
      "valueDriver": "User Experience",
      "serviceType": "Adoption Advisory",
      "serviceItem": "Adoption Advisory Service for SAP SuccessFactors RM features", 
      "linkServiceItem": "./documents/Services/Adoption_Advisory_Service_for_SAP_SuccessFactors_RM_features.docx",
      "solutionID": "1",
      "solution": "SAP SuccessFactors",
      "moduleID": "1",
      "module": "Recruitment Management"
    },
    {
      "ID": 5,
      "customerID": "202894",
      "customerName": "Intelligence Enterprise SE",
      "businessGoalID": "2", "businessGoal": "Decrease Turnover",
      "valueDriver": "Process Speed",
      "serviceType": "Success Check",
      "serviceItem": "Success Check for SAP SuccessFactors - Recruitment Management", 
      "linkServiceItem": "./documents/Services/Run_Safe_Check_for_SAP_SuccessFactors_Recruitment_Management.docx",
      "solutionID": "1",
      "solution": "SAP SuccessFactors",
      "moduleID": "3",
      "module": "Compensation Management"
    },
    {
      "ID": 6,
      "customerID": "202894",
      "customerName": "Intelligence Enterprise SE",
      "businessGoalID": "2", "businessGoal": "Decrease Turnover",
      "valueDriver": "Process Speed",
      "serviceType": "Success Check",
      "serviceItem": "Success Check for SAP SuccessFactors - Performance and Goal Management", 
      "linkServiceItem": "./documents/Services/Run_Safe_Check_for_SAP_SuccessFactors_Performance_and_Goal_Management.docx",
      "solutionID": "1",
      "solution": "SAP SuccessFactors",
      "moduleID": "3",
      "module": "Compensation Management"
    },
    {
      "ID": 7,
      "customerID": "202894",
      "customerName": "Intelligence Enterprise SE",
      "businessGoalID": "2", "businessGoal": "Decrease Turnover",
      "valueDriver": "Process Speed",
      "serviceType": "Success Check",
      "serviceItem": "Success Check for SAP SuccessFactors - Learning Management Solution", 
      "linkServiceItem": "./documents/Services/Run_Safe_Check_for_SAP_SuccessFactors_Learning_Management_Solution.docx",
      "solutionID": "1",
      "solution": "SAP SuccessFactors",
      "moduleID": "3",
      "module": "Compensation Management"
    },
    {
      "ID": 8,
      "customerID": "202894",
      "customerName": "Intelligence Enterprise SE",
      "businessGoalID": "2", "businessGoal": "Decrease Turnover",
      "valueDriver": "Employee Engagement",
      "serviceType": "Success Check",
      "serviceItem": "Success Check for SAP SuccessFactors - Compensation", 
      "linkServiceItem": "./documents/Services/Run_Safe_Check_for_SAP_SuccessFactors_Compensation.docx",
      "solutionID": "1",
      "solution": "SAP SuccessFactors",
      "moduleID": "3",
      "module": "Compensation Management"
    },
    {
      "ID": 9,
      "customerID": "202894",
      "customerName": "Intelligence Enterprise SE",
      "businessGoalID": "2", "businessGoal": "Decrease Turnover",
      "valueDriver": "Decrease Turnover",
      "serviceType": "Adoption Advisory",
      "serviceItem": "Adoption Advisory Service for SAP SuccessFactors RM features", 
      "linkServiceItem": "./documents/Services/Adoption_Advisory_Service_for_SAP_SuccessFactors_RM_features.docx",
      "solutionID": "1",
      "solution": "SAP SuccessFactors",
      "moduleID": "3",
      "module": "Compensation Management"
    },
    {
      "ID": 10,
      "customerID": "202894",
      "customerName": "Intelligence Enterprise SE",
      "businessGoalID": "2", "businessGoal": "Decrease Turnover",
      "valueDriver": "Increase Business Performance",
      "serviceType": "Adoption Advisory",
      "serviceItem": "Adoption Advisory Service for SAP SuccessFactors  P&GM features", 
      "linkServiceItem": "./documents/Services/Adoption_Advisory_Service_for_SAP_SuccessFactors_RM_features.docx",
      "solutionID": "1",
      "solution": "SAP SuccessFactors",
      "moduleID": "3",
      "module": "Compensation Management"
    },
    {
      "ID": 11,
      "customerID": "202894",
      "customerName": "Intelligence Enterprise SE",
      "businessGoalID": "2", "businessGoal": "Decrease Turnover",
      "valueDriver": "Increase Business Performance",
      "serviceType": "Adoption Advisory",
      "serviceItem": "Adoption Advisory Service for SAP SuccessFactors  LMS features", 
      "linkServiceItem": "./documents/Services/Adoption_Advisory_Service_for_SAP_SuccessFactors_RM_features.docx",
      "solutionID": "1",
      "solution": "SAP SuccessFactors",
      "moduleID": "3",
      "module": "Compensation Management"
    },
    {
      "ID": 12,
      "customerID": "202894",
      "customerName": "Intelligence Enterprise SE",
      "businessGoalID": "2", "businessGoal": "Decrease Turnover",
      "valueDriver": "Increase Business Performance",
      "serviceType": "Adoption Advisory",
      "serviceItem": "Adoption Advisory Service for SAP SuccessFactors  Compensation features", 
      "linkServiceItem": "./documents/Services/Adoption_Advisory_Service_for_SAP_SuccessFactors_RM_features.docx",
      "solutionID": "1",
      "solution": "SAP SuccessFactors",
      "moduleID": "3",
      "module": "Compensation Management"
    },
    {
      "ID": 13,
      "customerID": "202894",
      "customerName": "Intelligence Enterprise SE",
      "businessGoalID": "3", "businessGoal": "Increase HR Efficiency",
      "valueDriver": "Decrease Operational costs",
      "serviceType": "Success Check",
      "serviceItem": "Success Check for SAP SuccessFactors - Compensation", 
      "linkServiceItem": "./documents/Services/Run_Safe_Check_for_SAP_SuccessFactors_Compensation.docx",
      "solutionID": "1",
      "solution": "SAP SuccessFactors",
      "moduleID": "1",
      "module": "Recruitment Management"
    },
    {
      "ID": 14,
      "customerID": "202894",
      "customerName": "Intelligence Enterprise SE",
      "businessGoalID": "3", "businessGoal": "Increase HR Efficiency",
      "valueDriver": "Project Efficiency",
      "serviceType": "Adoption Advisory",
      "serviceItem": "Adoption Advisory Service for SAP SuccessFactors  Compensation features", 
      "linkServiceItem": "./documents/Services/Adoption_Advisory_Service_for_SAP_SuccessFactors_RM_features.docx",
      "solutionID": "1",
      "solution": "SAP SuccessFactors",
      "moduleID": "1",
      "module": "Recruitment Management"
    },
    {
      "ID": 15,
      "customerID": "202894",
      "customerName": "Intelligence Enterprise SE",
      "businessGoalID": "4", "businessGoal": "Increase Simplification of HR Processes",
      "valueDriver": "User Adoption",
      "serviceType": "Success Check",
      "serviceItem": "Success Check for SAP SuccessFactors - Compensation", 
      "linkServiceItem": "./documents/Services/Run_Safe_Check_for_SAP_SuccessFactors_Compensation.docx",
      "solutionID": "1",
      "solution": "SAP SuccessFactors",
      "moduleID": "3",
      "module": "Compensation Management"
    },
    {
      "ID": 16,
      "customerID": "202894",
      "customerName": "Intelligence Enterprise SE",
      "businessGoalID": "4", "businessGoal": "Increase Simplification of HR Processes",
      "valueDriver": "Increase Business Performance",
      "serviceType": "Success Check",
      "serviceItem": "Success Check for SAP SuccessFactors - Performance and Goal Management", 
      "linkServiceItem": "./documents/Services/Run_Safe_Check_for_SAP_SuccessFactors_Performance_and_Goal_Management.docx",
      "solutionID": "1",
      "solution": "SAP SuccessFactors",
      "moduleID": "3",
      "module": "Compensation Management"
    },
    {
      "ID": 17,
      "customerID": "202894",
      "customerName": "Intelligence Enterprise SE",
      "businessGoalID": "4", "businessGoal": "Increase Simplification of HR Processes",
      "valueDriver": "Decrease Operational costs",
      "serviceType": "Success Check",
      "serviceItem": "Success Check for SAP SuccessFactors - Learning Management Solution", 
      "linkServiceItem": "./documents/Services/Run_Safe_Check_for_SAP_SuccessFactors_Learning_Management_Solution.docx",
      "solutionID": "1",
      "solution": "SAP SuccessFactors",
      "moduleID": "3",
      "module": "Compensation Management"
    },
    {
      "ID": 18,
      "customerID": "202894",
      "customerName": "Intelligence Enterprise SE",
      "businessGoalID": "4", "businessGoal": "Increase Simplification of HR Processes",
      "valueDriver": "Employee Engagement",
      "serviceType": "Success Check",
      "serviceItem": "Success Check for SAP SuccessFactors - Compensation", 
      "linkServiceItem": "./documents/Services/Run_Safe_Check_for_SAP_SuccessFactors_Compensation.docx",
      "solutionID": "1",
      "solution": "SAP SuccessFactors",
      "moduleID": "3",
      "module": "Compensation Management"
    },
    {
      "ID": 19,
      "customerID": "202894",
      "customerName": "Intelligence Enterprise SE",
      "businessGoalID": "50", "businessGoal": "Increase HR Process Knowledge",
      "valueDriver": "User Adoption",
      "serviceType": "Success Check",
      "serviceItem": "Success Check for SAP SuccessFactors - Learning Management Solution", 
      "linkServiceItem": "./documents/Services/Run_Safe_Check_for_SAP_SuccessFactors_Learning_Management_Solution.docx",
      "solutionID": "1",
      "solution": "SAP SuccessFactors",
      "moduleID": "2",
      "module": "Learning Management Solution"
    },
    {
      "ID": 20,
      "customerID": "202894",
      "customerName": "Intelligence Enterprise SE",
      "businessGoalID": "50", "businessGoal": "Increase HR Process Knowledge",
      "valueDriver": "Employee Engagement",
      "serviceType": "Adoption Advisory",
      "serviceItem": "Adoption Advisory Service for SAP SuccessFactors LMS features", 
      "linkServiceItem": "./documents/Services/Adoption_Advisory_Service_for_SAP_SuccessFactors_RM_features.docx",
      "solutionID": "1",
      "solution": "SAP SuccessFactors",
      "moduleID": "2",
      "module": "Learning Management Solution"
    },
    {
      "ID": 21,
      "customerID": "202894",
      "customerName": "Intelligence Enterprise SE",
      "businessGoalID": "50", "businessGoal": "Increase HR Process Knowledge",
      "valueDriver": "Decrease Operational costs",
      "serviceType": "Success Check",
      "serviceItem": "Success Check for SAP SuccessFactors - Recruitment Management", 
      "linkServiceItem": "./documents/Services/Run_Safe_Check_for_SAP_SuccessFactors_Recruitment_Management.docx",
      "solutionID": "1",
      "solution": "SAP SuccessFactors",
      "moduleID": "1",
      "module": "Recruitment Management"
    },
    {
      "ID": 22,
      "customerID": "202894",
      "customerName": "Intelligence Enterprise SE",
      "businessGoalID": "14", "businessGoal": "Improve Company Culture",
      "valueDriver": "Project Efficiency",
      "serviceType": "Adoption Advisory",
      "serviceItem": "Adoption Advisory Service for SAP SuccessFactors  Recruitment Management", 
      "linkServiceItem": "./documents/Services/Adoption_Advisory_Service_for_SAP_SuccessFactors_RM_features.docx",
      "solutionID": "1",
      "solution": "SAP SuccessFactors",
      "moduleID": "1",
      "module": "Recruitment Management"
    },
    {
      "ID": 23,
      "customerID": "202894",
      "customerName": "Intelligence Enterprise SE",
      "businessGoalID": "15", "businessGoal": "Identify Talents",
      "valueDriver": "User Adoption",
      "serviceType": "Success Check",
      "serviceItem": "Success Check for SAP SuccessFactors - Recruitment Management", 
      "linkServiceItem": "./documents/Services/Run_Safe_Check_for_SAP_SuccessFactors_Recruitment_Management.docx",
      "solutionID": "1",
      "solution": "SAP SuccessFactors",
      "moduleID": "1",
      "module": "Recruitment Management"
    },
    {
      "ID": 24,
      "customerID": "202894",
      "customerName": "Intelligence Enterprise SE",
      "businessGoalID": "15", "businessGoal": "Identify Talents",
      "valueDriver": "Increase Business Performance",
      "serviceType": "Success Check",
      "serviceItem": "Success Check for SAP SuccessFactors - Performance and Goal Management", 
      "linkServiceItem": "./documents/Services/Run_Safe_Check_for_SAP_SuccessFactors_Performance_and_Goal_Management.docx",
      "solutionID": "1",
      "solution": "SAP SuccessFactors",
      "moduleID": "1",
      "module": "Recruitment Management"
    },
    {
      "ID": 25,
      "customerID": "202894",
      "customerName": "Intelligence Enterprise SE",
      "businessGoalID": "15", "businessGoal": "Identify Talents",
      "valueDriver": "Decrease Operational costs",
      "serviceType": "Success Check",
      "serviceItem": "Success Check for SAP SuccessFactors - Learning Management Solution", 
      "linkServiceItem": "./documents/Services/Run_Safe_Check_for_SAP_SuccessFactors_Learning_Management_Solution.docx",
      "solutionID": "1",
      "solution": "SAP SuccessFactors",
      "moduleID": "1",
      "module": "Recruitment Management"
    },
    {
      "ID": 26,
      "customerID": "202894",
      "customerName": "Intelligence Enterprise SE",
      "businessGoalID": "15", "businessGoal": "Identify Talents",
      "valueDriver": "Employee Engagement",
      "serviceType": "Success Check",
      "serviceItem": "Success Check for SAP SuccessFactors - Recruitment Management", 
      "linkServiceItem": "./documents/Services/Run_Safe_Check_for_SAP_SuccessFactors_Recruitment_Management.docx",
      "solutionID": "1",
      "solution": "SAP SuccessFactors",
      "moduleID": "1",
      "module": "Recruitment Management"
    },
    {
      "ID": 27,
      "customerID": "202894",
      "customerName": "Intelligence Enterprise SE",
      "businessGoalID": "5", "businessGoal": "Reduce Costs",
      "valueDriver": "Data Accurency",
      "serviceType": "Success Check",
      "serviceItem": "Success Check for SAP S/4 HANA Cloud - Finance Solution", 
      "linkServiceItem": "./documents/Services/Adoption_Advisory_Service_for_SAP_SuccessFactors_RM_features.docx",
      "solutionID": "2",
      "solution": "SAP S/4 HANA Cloud",
      "moduleID": "4",
      "module": "Finance"
    },
    {
      "ID": 28,
      "customerID": "202894",
      "customerName": "Intelligence Enterprise SE",
      "businessGoalID": "5", "businessGoal": "Reduce Costs",
      "valueDriver": "User Adoption",
      "serviceType": "Adoption Advisory",
      "serviceItem": "Adoption Advisory Service for SAP S/4 HANA Cloud features", 
      "linkServiceItem": "./documents/Services/Adoption_Advisory_Service_for_SAP_SuccessFactors_RM_features.docx",
      "solutionID": "2",
      "solution": "SAP S/4 HANA Cloud",
      "moduleID": "4",
      "module": "Finance"
    },
    {
      "ID": 29,
      "customerID": "202894",
      "customerName": "Intelligence Enterprise SE",
      "businessGoalID": "6", "businessGoal": "Increase LO Efficiency",
      "valueDriver": "Increase Business Performance",
      "serviceType": "Success Check",
      "serviceItem": "Success Check for SAP S/4 HANA Cloud - Finance Logistics", 
      "linkServiceItem": "./documents/Services/Adoption_Advisory_Service_for_SAP_SuccessFactors_RM_features.docx",
      "solutionID": "2",
      "solution": "SAP S/4 HANA Cloud",
      "moduleID": "5",
      "module": "Logistics"
    },
    {
      "ID": 30,
      "customerID": "202894",
      "customerName": "Intelligence Enterprise SE",
      "businessGoalID": "6", "businessGoal": "Increase LO Efficiency",
      "valueDriver": "User Adoption",
      "serviceType": "Adoption Advisory",
      "serviceItem": "Adoption Advisory Service for SAP S/4 HANA Cloud features", 
      "linkServiceItem": "./documents/Services/Adoption_Advisory_Service_for_SAP_SuccessFactors_RM_features.docx",
      "solutionID": "2",
      "solution": "SAP S/4 HANA Cloud",
      "moduleID": "5",
      "module": "Logistics"
    },
    {
      "ID": 45,
      "customerID": "2009445",
      "customerName": "Space Rocket AG",
      "businessGoalID": "1", "businessGoal": "Reduce Time to Hire",
      "valueDriver": "Process Integration",
      "serviceType": "Success Check",
      "serviceItem": "Success Check for SAP SuccessFactors - Recruitment Management",  
      "linkServiceItem": "./documents/Services/Run_Safe_Check_for_SAP_SuccessFactors_Recruitment_Management.docx",
      "solutionID": "1",
      "solution": "SAP SuccessFactors",
      "moduleID": "1",
      "module": "Recruitment Management"
    },
    {
      "ID": 46,
      "customerID": "2009445",
      "customerName": "Space Rocket AG",
      "businessGoalID": "1", "businessGoal": "Reduce Time to Hire",
      "valueDriver": "Process Integration",
      "serviceType": "Adoption Advisory",
      "serviceItem": "Adoption Advisory Service for SAP SuccessFactors RM features", 
      "linkServiceItem": "./documents/Services/Adoption_Advisory_Service_for_SAP_SuccessFactors_RM_features.docx",
      "solutionID": "1",
      "solution": "SAP SuccessFactors",
      "moduleID": "1",
      "module": "Recruitment Management"
    },
    {
      "ID": 47,
      "customerID": "2009445",
      "customerName": "Space Rocket AG",
      "businessGoalID": "1", "businessGoal": "Reduce Time to Hire",
      "valueDriver": "User Experience",
      "serviceType": "Success Check",
      "serviceItem": "Success Check for SAP SuccessFactors - Recruitment Management", 
      "linkServiceItem": "./documents/Services/Run_Safe_Check_for_SAP_SuccessFactors_Recruitment_Management.docx",
      "solutionID": "1",
      "solution": "SAP SuccessFactors",
      "moduleID": "1",
      "module": "Recruitment Management"
    },
    {
      "ID": 48,
      "customerID": "2009445",
      "customerName": "Space Rocket AG",
      "businessGoalID": "1", "businessGoal": "Reduce Time to Hire",
      "valueDriver": "User Experience",
      "serviceType": "Adoption Advisory",
      "serviceItem": "Adoption Advisory Service for SAP SuccessFactors RM features", 
      "linkServiceItem": "./documents/Services/Adoption_Advisory_Service_for_SAP_SuccessFactors_RM_features.docx",
      "solutionID": "1",
      "solution": "SAP SuccessFactors",
      "moduleID": "1",
      "module": "Recruitment Management"
    },
    {
      "ID": 49,
      "customerID": "2009445",
      "customerName": "Space Rocket AG",
      "businessGoalID": "2", "businessGoal": "Decrease Turnover",
      "valueDriver": "Process Speed",
      "serviceType": "Success Check",
      "serviceItem": "Success Check for SAP SuccessFactors - Recruitment Management", 
      "linkServiceItem": "./documents/Services/Run_Safe_Check_for_SAP_SuccessFactors_Recruitment_Management.docx",
      "solutionID": "1",
      "solution": "SAP SuccessFactors",
      "moduleID": "3",
      "module": "Compensation Management"
    },
    {
      "ID": 50,
      "customerID": "2009445",
      "customerName": "Space Rocket AG",
      "businessGoalID": "2", "businessGoal": "Decrease Turnover",
      "valueDriver": "Process Speed",
      "serviceType": "Success Check",
      "serviceItem": "Success Check for SAP SuccessFactors - Performance and Goal Management", 
      "linkServiceItem": "./documents/Services/Run_Safe_Check_for_SAP_SuccessFactors_Performance_and_Goal_Management.docx",
      "solutionID": "1",
      "solution": "SAP SuccessFactors",
      "moduleID": "3",
      "module": "Compensation Management"
    },
    {
      "ID": 51,
      "customerID": "2009445",
      "customerName": "Space Rocket AG",
      "businessGoalID": "2", "businessGoal": "Decrease Turnover",
      "valueDriver": "Process Speed",
      "serviceType": "Success Check",
      "serviceItem": "Success Check for SAP SuccessFactors - Learning Management Solution", 
      "linkServiceItem": "./documents/Services/Run_Safe_Check_for_SAP_SuccessFactors_Learning_Management_Solution.docx",
      "solutionID": "1",
      "solution": "SAP SuccessFactors",
      "moduleID": "3",
      "module": "Compensation Management"
    },
    {
      "ID": 52,
      "customerID": "2009445",
      "customerName": "Space Rocket AG",
      "businessGoalID": "2", "businessGoal": "Decrease Turnover",
      "valueDriver": "Employee Engagement",
      "serviceType": "Success Check",
      "serviceItem": "Success Check for SAP SuccessFactors - Compensation", 
      "linkServiceItem": "./documents/Services/Run_Safe_Check_for_SAP_SuccessFactors_Compensation.docx",
      "solutionID": "1",
      "solution": "SAP SuccessFactors",
      "moduleID": "3",
      "module": "Compensation Management"
    },
    {
      "ID": 53,
      "customerID": "2009445",
      "customerName": "Space Rocket AG",
      "businessGoalID": "2", "businessGoal": "Decrease Turnover",
      "valueDriver": "Decrease Turnover",
      "serviceType": "Adoption Advisory",
      "serviceItem": "Adoption Advisory Service for SAP SuccessFactors RM features", 
      "linkServiceItem": "./documents/Services/Adoption_Advisory_Service_for_SAP_SuccessFactors_RM_features.docx",
      "solutionID": "1",
      "solution": "SAP SuccessFactors",
      "moduleID": "3",
      "module": "Compensation Management"
    },
    {
      "ID": 54,
      "customerID": "2009445",
      "customerName": "Space Rocket AG",
      "businessGoalID": "2", "businessGoal": "Decrease Turnover",
      "valueDriver": "Increase Business Performance",
      "serviceType": "Adoption Advisory",
      "serviceItem": "Adoption Advisory Service for SAP SuccessFactors  P&GM features", 
      "linkServiceItem": "./documents/Services/Adoption_Advisory_Service_for_SAP_SuccessFactors_RM_features.docx",
      "solutionID": "1",
      "solution": "SAP SuccessFactors",
      "moduleID": "3",
      "module": "Compensation Management"
    },
    {
      "ID": 55,
      "customerID": "2009445",
      "customerName": "Space Rocket AG",
      "businessGoalID": "2", "businessGoal": "Decrease Turnover",
      "valueDriver": "Increase Business Performance",
      "serviceType": "Adoption Advisory",
      "serviceItem": "Adoption Advisory Service for SAP SuccessFactors  LMS features", 
      "linkServiceItem": "./documents/Services/Adoption_Advisory_Service_for_SAP_SuccessFactors_RM_features.docx",
      "solutionID": "1",
      "solution": "SAP SuccessFactors",
      "moduleID": "3",
      "module": "Compensation Management"
    },
    {
      "ID": 56,
      "customerID": "2009445",
      "customerName": "Space Rocket AG",
      "businessGoalID": "2", "businessGoal": "Decrease Turnover",
      "valueDriver": "Increase Business Performance",
      "serviceType": "Adoption Advisory",
      "serviceItem": "Adoption Advisory Service for SAP SuccessFactors  Compensation features", 
      "linkServiceItem": "./documents/Services/Adoption_Advisory_Service_for_SAP_SuccessFactors_RM_features.docx",
      "solutionID": "1",
      "solution": "SAP SuccessFactors",
      "moduleID": "3",
      "module": "Compensation Management"
    },
    {
      "ID": 57,
      "customerID": "2009445",
      "customerName": "Space Rocket AG",
      "businessGoalID": "3", "businessGoal": "Increase HR Efficiency",
      "valueDriver": "Decrease Operational costs",
      "serviceType": "Success Check",
      "serviceItem": "Success Check for SAP SuccessFactors - Compensation", 
      "linkServiceItem": "./documents/Services/Run_Safe_Check_for_SAP_SuccessFactors_Compensation.docx",
      "solutionID": "1",
      "solution": "SAP SuccessFactors",
      "moduleID": "1",
      "module": "Recruitment Management"
    },
    {
      "ID": 58,
      "customerID": "2009445",
      "customerName": "Space Rocket AG",
      "businessGoalID": "3", "businessGoal": "Increase HR Efficiency",
      "valueDriver": "Project Efficiency",
      "serviceType": "Adoption Advisory",
      "serviceItem": "Adoption Advisory Service for SAP SuccessFactors  Compensation features", 
      "linkServiceItem": "./documents/Services/Adoption_Advisory_Service_for_SAP_SuccessFactors_RM_features.docx",
      "solutionID": "1",
      "solution": "SAP SuccessFactors",
      "moduleID": "1",
      "module": "Recruitment Management"
    },
    {
      "ID": 59,
      "customerID": "1123464",
      "customerName": "Mars Discovery SE",
      "businessGoalID": "1", "businessGoal": "Reduce Time to Hire",
      "valueDriver": "Process Integration",
      "serviceType": "Success Check",
      "serviceItem": "Success Check for SAP SuccessFactors - Recruitment Management", 
      "linkServiceItem": "./documents/Services/Run_Safe_Check_for_SAP_SuccessFactors_Recruitment_Management.docx",
      "solutionID": "1",
      "solution": "SAP SuccessFactors",
      "moduleID": "1",
      "module": "Recruitment Management"
    },
    {
      "ID": 60,
      "customerID": "1123464",
      "customerName": "Mars Discovery SE",
      "businessGoalID": "1", "businessGoal": "Reduce Time to Hire",
      "valueDriver": "Process Integration",
      "serviceType": "Adoption Advisory",
      "serviceItem": "Adoption Advisory Service for SAP SuccessFactors RM features", 
      "linkServiceItem": "./documents/Services/Adoption_Advisory_Service_for_SAP_SuccessFactors_RM_features.docx",
      "solutionID": "1",
      "solution": "SAP SuccessFactors",
      "moduleID": "1",
      "module": "Recruitment Management"
    },
    {
      "ID": 61,
      "customerID": "1123464",
      "customerName": "Mars Discovery SE",
      "businessGoalID": "1", "businessGoal": "Reduce Time to Hire",
      "valueDriver": "User Experience",
      "serviceType": "Success Check",
      "serviceItem": "Success Check for SAP SuccessFactors - Recruitment Management", 
      "linkServiceItem": "./documents/Services/Run_Safe_Check_for_SAP_SuccessFactors_Recruitment_Management.docx",
      "solutionID": "1",
      "solution": "SAP SuccessFactors",
      "moduleID": "1",
      "module": "Recruitment Management"
    },
    {
      "ID": 62,
      "customerID": "1123464",
      "customerName": "Mars Discovery SE",
      "businessGoalID": "1", "businessGoal": "Reduce Time to Hire",
      "valueDriver": "User Experience",
      "serviceType": "Adoption Advisory",
      "serviceItem": "Adoption Advisory Service for SAP SuccessFactors RM features", 
      "linkServiceItem": "./documents/Services/Adoption_Advisory_Service_for_SAP_SuccessFactors_RM_features.docx",
      "solutionID": "1",
      "solution": "SAP SuccessFactors",
      "moduleID": "1",
      "module": "Recruitment Management"
    },
    {
      "ID": 63,
      "customerID": "1123464",
      "customerName": "Mars Discovery SE",
      "businessGoalID": "2", "businessGoal": "Decrease Turnover",
      "valueDriver": "Process Speed",
      "serviceType": "Success Check",
      "serviceItem": "Success Check for SAP SuccessFactors - Recruitment Management", 
      "linkServiceItem": "./documents/Services/Run_Safe_Check_for_SAP_SuccessFactors_Recruitment_Management.docx",
      "solutionID": "1",
      "solution": "SAP SuccessFactors",
      "moduleID": "3",
      "module": "Compensation Management"
    },
    {
      "ID": 64,
      "customerID": "1123464",
      "customerName": "Mars Discovery SE",
      "businessGoalID": "2", "businessGoal": "Decrease Turnover",
      "valueDriver": "Process Speed",
      "serviceType": "Success Check",
      "serviceItem": "Success Check for SAP SuccessFactors - Performance and Goal Management", 
      "linkServiceItem": "./documents/Services/Run_Safe_Check_for_SAP_SuccessFactors_Performance_and_Goal_Management.docx",
      "solutionID": "1",
      "solution": "SAP SuccessFactors",
      "moduleID": "3",
      "module": "Compensation Management"
    },
    {
      "ID": 65,
      "customerID": "1123464",
      "customerName": "Mars Discovery SE",
      "businessGoalID": "2", "businessGoal": "Decrease Turnover",
      "valueDriver": "Process Speed",
      "serviceType": "Success Check",
      "serviceItem": "Success Check for SAP SuccessFactors - Learning Management Solution", 
      "linkServiceItem": "./documents/Services/Run_Safe_Check_for_SAP_SuccessFactors_Learning_Management_Solution.docx",
      "solutionID": "1",
      "solution": "SAP SuccessFactors",
      "moduleID": "3",
      "module": "Compensation Management"
    },
    {
      "ID": 66,
      "customerID": "1123464",
      "customerName": "Mars Discovery SE",
      "businessGoalID": "2", "businessGoal": "Decrease Turnover",
      "valueDriver": "Employee Engagement",
      "serviceType": "Success Check",
      "serviceItem": "Success Check for SAP SuccessFactors - Compensation", 
      "linkServiceItem": "./documents/Services/Run_Safe_Check_for_SAP_SuccessFactors_Compensation.docx",
      "solutionID": "1",
      "solution": "SAP SuccessFactors",
      "moduleID": "3",
      "module": "Compensation Management"
    },
    {
      "ID": 67,
      "customerID": "1123464",
      "customerName": "Mars Discovery SE",
      "businessGoalID": "2", "businessGoal": "Decrease Turnover",
      "valueDriver": "Decrease Turnover",
      "serviceType": "Adoption Advisory",
      "serviceItem": "Adoption Advisory Service for SAP SuccessFactors RM features", 
      "linkServiceItem": "./documents/Services/Adoption_Advisory_Service_for_SAP_SuccessFactors_RM_features.docx",
      "solutionID": "1",
      "solution": "SAP SuccessFactors",
      "moduleID": "3",
      "module": "Compensation Management"
    },
    {
      "ID": 68,
      "customerID": "1123464",
      "customerName": "Mars Discovery SE",
      "businessGoalID": "2", "businessGoal": "Decrease Turnover",
      "valueDriver": "Increase Business Performance",
      "serviceType": "Adoption Advisory",
      "serviceItem": "Adoption Advisory Service for SAP SuccessFactors  P&GM features", 
      "linkServiceItem": "./documents/Services/Adoption_Advisory_Service_for_SAP_SuccessFactors_RM_features.docx",
      "solutionID": "1",
      "solution": "SAP SuccessFactors",
      "moduleID": "3",
      "module": "Compensation Management"
    },
    {
      "ID": 69,
      "customerID": "1123464",
      "customerName": "Mars Discovery SE",
      "businessGoalID": "2", "businessGoal": "Decrease Turnover",
      "valueDriver": "Increase Business Performance",
      "serviceType": "Adoption Advisory",
      "serviceItem": "Adoption Advisory Service for SAP SuccessFactors  LMS features", 
      "linkServiceItem": "./documents/Services/Adoption_Advisory_Service_for_SAP_SuccessFactors_RM_features.docx",
      "solutionID": "1",
      "solution": "SAP SuccessFactors",
      "moduleID": "3",
      "module": "Compensation Management"
    },
    {
      "ID": 70,
      "customerID": "1123464",
      "customerName": "Mars Discovery SE",
      "businessGoalID": "2", "businessGoal": "Decrease Turnover",
      "valueDriver": "Increase Business Performance",
      "serviceType": "Adoption Advisory",
      "serviceItem": "Adoption Advisory Service for SAP SuccessFactors  Compensation features", 
      "linkServiceItem": "./documents/Services/Adoption_Advisory_Service_for_SAP_SuccessFactors_RM_features.docx",
      "solutionID": "1",
      "solution": "SAP SuccessFactors",
      "moduleID": "3",
      "module": "Compensation Management"
    },
    {
      "ID": 71,
      "customerID": "1123464",
      "customerName": "Mars Discovery SE",
      "businessGoalID": "3", "businessGoal": "Increase HR Efficiency",
      "valueDriver": "Decrease Operational costs",
      "serviceType": "Success Check",
      "serviceItem": "Success Check for SAP SuccessFactors - Compensation", 
      "linkServiceItem": "./documents/Services/Run_Safe_Check_for_SAP_SuccessFactors_Recruitment_Management.docx",
      "solutionID": "1",
      "solution": "SAP SuccessFactors",
      "moduleID": "1",
      "module": "Recruitment Management"
    },
    {
      "ID": 72,
      "customerID": "1123464",
      "customerName": "Mars Discovery SE",
      "businessGoalID": "3", "businessGoal": "Increase HR Efficiency",
      "valueDriver": "Project Efficiency",
      "serviceType": "Adoption Advisory",
      "serviceItem": "Adoption Advisory Service for SAP SuccessFactors  Compensation features", 
      "linkServiceItem": "./documents/Services/Adoption_Advisory_Service_for_SAP_SuccessFactors_RM_features.docx",
      "solutionID": "1",
      "solution": "SAP SuccessFactors",
      "moduleID": "1",
      "module": "Recruitment Management"
    },
    {
      "ID": 73,
      "customerID": "1123464",
      "customerName": "Mars Discovery SE",
      "businessGoalID": "4", "businessGoal": "Increase Simplification of HR Processes",
      "valueDriver": "User Adoption",
      "serviceType": "Success Check",
      "serviceItem": "Success Check for SAP SuccessFactors - Compensation", 
      "linkServiceItem": "./documents/Services/Run_Safe_Check_for_SAP_SuccessFactors_Compensation.docx",
      "solutionID": "1",
      "solution": "SAP SuccessFactors",
      "moduleID": "3",
      "module": "Compensation Management"
    },
    {
      "ID": 74,
      "customerID": "1123464",
      "customerName": "Mars Discovery SE",
      "businessGoalID": "4", "businessGoal": "Increase Simplification of HR Processes",
      "valueDriver": "Increase Business Performance",
      "serviceType": "Success Check",
      "serviceItem": "Success Check for SAP SuccessFactors - Performance and Goal Management", 
      "linkServiceItem": "./documents/Services/Run_Safe_Check_for_SAP_SuccessFactors_Performance_and_Goal_Management.docx",
      "solutionID": "1",
      "solution": "SAP SuccessFactors",
      "moduleID": "3",
      "module": "Compensation Management"
    },
    {
      "ID": 75,
      "customerID": "1123464",
      "customerName": "Mars Discovery SE",
      "businessGoalID": "4", "businessGoal": "Increase Simplification of HR Processes",
      "valueDriver": "Decrease Operational costs",
      "serviceType": "Success Check",
      "serviceItem": "Success Check for SAP SuccessFactors - Learning Management Solution", 
      "linkServiceItem": "./documents/Services/Run_Safe_Check_for_SAP_SuccessFactors_Learning_Management_Solution.docx",
      "solutionID": "1",
      "solution": "SAP SuccessFactors",
      "moduleID": "3",
      "module": "Compensation Management"
    },
    {
      "ID": 76,
      "customerID": "1123464",
      "customerName": "Mars Discovery SE",
      "businessGoalID": "4", "businessGoal": "Increase Simplification of HR Processes",
      "valueDriver": "Employee Engagement",
      "serviceType": "Success Check",
      "serviceItem": "Success Check for SAP SuccessFactors - Compensation", 
      "linkServiceItem": "./documents/Services/Run_Safe_Check_for_SAP_SuccessFactors_Compensation.docx",
      "solutionID": "1",
      "solution": "SAP SuccessFactors",
      "moduleID": "3",
      "module": "Compensation Management"
    },
    {
      "ID": 77,
      "customerID": "1123464",
      "customerName": "Mars Discovery SE",
      "businessGoalID": "5", "businessGoal": "Reduce Costs",
      "valueDriver": "Data Accurency",
      "serviceType": "Success Check",
      "serviceItem": "Success Check for SAP S/4 HANA Cloud - Finance Solution", 
      "linkServiceItem": "./documents/Services/Adoption_Advisory_Service_for_SAP_SuccessFactors_RM_features.docx",
      "solutionID": "2",
      "solution": "SAP S/4 HANA Cloud",
      "moduleID": "4",
      "module": "Finance"
    },
    {
      "ID": 78,
      "customerID": "1123464",
      "customerName": "Mars Discovery SE",
      "businessGoalID": "5", 
      "businessGoal": "Reduce Costs",
      "valueDriver": "User Adoption",
      "serviceType": "Adoption Advisory",
      "serviceItem": "Adoption Advisory Service for SAP S/4 HANA Cloud features", 
      "linkServiceItem": "./documents/Services/Adoption_Advisory_Service_for_SAP_SuccessFactors_RM_features.docx",
      "solutionID": "2",
      "solution": "SAP S/4 HANA Cloud",
      "moduleID": "4",
      "module": "Finance"
    },
    {
      "ID": 79,
      "customerID": "1123464",
      "customerName": "Mars Discovery SE",
      "businessGoalID": "6", "businessGoal": "Increase LO Efficiency",
      "valueDriver": "Increase Business Performance",
      "serviceType": "Success Check",
      "serviceItem": "Success Check for SAP S/4 HANA Cloud - Finance Logistics", 
      "linkServiceItem": "./documents/DeliveredServices/Adoption_Plan_Mars.xlsx",
      "solutionID": "2",
      "solution": "SAP S/4 HANA Cloud",
      "moduleID": "5",
      "module": "Logistics"
    },
    {
      "ID": 80,
      "customerID": "1123464",
      "customerName": "Mars Discovery SE",
      "businessGoalID": "6", "businessGoal": "Increase LO Efficiency",
      "valueDriver": "User Adoption",
      "serviceType": "Adoption Advisory",
      "serviceItem": "Adoption Advisory Service for SAP S/4 HANA Cloud features", 
      "linkServiceItem": "./documents/Services/Adoption_Advisory_Service_for_SAP_SuccessFactors_RM_features.docx",
      "solutionID": "2",
      "solution": "SAP S/4 HANA Cloud",
      "moduleID": "5",
      "module": "Logistics"
    },
    {
      "customerID": "5674186",
      "ID": 81,
      "customerName": "Tapestry Inc",
      "businessGoalID": "7", 
      "businessGoal": "Increase Quality Applicants",
      "valueDriver": "Improve Business Performance",
      "serviceType": "Success Check",
      "serviceItem": "Success Check Job Requisition / Job Posting",
     "linkServiceItem": "./documents/Services/Run_Safe_Check_for_SAP_SuccessFactors_Recruitment_Management.docx",
      "solutionID": "1",
      "solution": "SAP SuccessFactors",
      "moduleID": "1",
      "module": "Recruitment Management"
    },
    {
      "customerID": "5674186",
      "ID": 82,
      "customerName": "Tapestry Inc",
      "businessGoalID": "7",
      "businessGoal": "Increase Quality Applicants",
      "valueDriver": "Decrease Operational Cost",
      "serviceType": "Success Check",
      "serviceItem": "Success Check Candidate Profile",
      "linkServiceItem": "./documents/Services/Run_Safe_Check_for_SAP_SuccessFactors_Recruitment_Management.docx",
      "solutionID": "1",
      "solution": "SAP SuccessFactors",
      "moduleID": "1",
      "module": "Recruitment Management"
    },
    {
      "customerID": "5674186",
      "ID": 83,
      "customerName": "Tapestry Inc",
      "businessGoalID": "8",
      "businessGoal": "Optimize recruitment processes",
      "valueDriver": "Process Speed",
      "serviceType": "Success Check",
      "serviceItem": "Success Check Job Requisition / Job Posting",
      "linkServiceItem": "./documents/Services/Run_Safe_Check_for_SAP_SuccessFactors_Recruitment_Management.docx",
      "solutionID": "1",
      "solution": "SAP SuccessFactors",
      "moduleID": "1",
      "module": "Recruitment Management"
    },
    {
      "customerID": "5674186",
      "ID": 84,
      "customerName": "Tapestry Inc",
      "businessGoalID": "8",
      "businessGoal": "Optimize recruitment processes",
      "valueDriver": "Process Integration",
      "serviceType": "Success Check",
      "serviceItem": "Success Check Candidate SSO & Recruitment",
      "linkServiceItem": "./documents/Services/Run_Safe_Check_for_SAP_SuccessFactors_Recruitment_Management.docx",
      "solutionID": "1",
      "solution": "SAP SuccessFactors",
      "moduleID": "1",
      "module": "Recruitment Management"
    },
    {
      "customerID": "5674186",
      "ID": 85,
      "customerName": "Tapestry Inc",
      "businessGoalID": "8",
      "businessGoal": "Optimize recruitment processes",
      "valueDriver": "User Experience",
      "serviceType": "Success Check",
      "serviceItem": "Success Check Job Requistion",
      "linkServiceItem": "./documents/Services/Run_Safe_Check_for_SAP_SuccessFactors_Recruitment_Management.docx",
      "solutionID": "1",
      "solution": "SAP SuccessFactors",
      "moduleID": "1",
      "module": "Recruitment Management"
    },
    {
      "customerID": "5674186",
      "ID": 86,
      "customerName": "Tapestry Inc",
      "businessGoalID": "9",
      "businessGoal": "Early Talent",
      "valueDriver": "User Experience",
      "serviceType": "Adoption Advisory",
      "serviceItem": "Adoption Advisory Feature Service",
      "linkServiceItem": "./documents/Services/Adoption_Advisory_Service_for_SAP_SuccessFactors_RM_features.docx",
      "solutionID": "1",
      "solution": "SAP SuccessFactors",
      "moduleID": "1",
      "module": "Recruitment Management"
    },
    {
      "customerID": "5674186",
      "ID": 87,
      "customerName": "Tapestry Inc",
      "businessGoalID": "20",
      "businessGoal": "Improve system use and reporting capabilities",
      "valueDriver": "Data Accuracy",
      "serviceType": "Success Check",
      "serviceItem": "Success Check Recruiting Reports / Data Migration",
      "linkServiceItem": "./documents/Services/Run_Safe_Check_for_SAP_SuccessFactors_Recruitment_Management.docx",
      "solutionID": "1",
      "solution": "SAP SuccessFactors",
      "moduleID": "1",
      "module": "Recruitment Management"
    },
    {
      "customerID": "5674186",
      "ID": 88,
      "customerName": "Tapestry Inc",
      "businessGoalID": "20",
      "businessGoal": "Improve system use and reporting capabilities",
      "valueDriver": "User Adoption of Processes",
      "serviceType": "Success Check",
      "serviceItem": "Success Check Recruiting Reports",
      "linkServiceItem": "./documents/Services/Run_Safe_Check_for_SAP_SuccessFactors_Recruitment_Management.docx",
      "solutionID": "1",
      "solution": "SAP SuccessFactors",
      "moduleID": "1",
      "module": "Recruitment Management"
    },
    {
      "customerID": "5674186",
      "ID": 89,
      "customerName": "Tapestry Inc",
      "businessGoalID": "16",
      "businessGoal": "Determine recommended salary based on machine learning analysis of salary data",
      "valueDriver": "Process Speed",
      "serviceType": "Success Check",
      "serviceItem": "Success Check Interview Central",
      "linkServiceItem": "./documents/Services/Run_Safe_Check_for_SAP_SuccessFactors_Recruitment_Management.docx",
      "solutionID": "1",
      "solution": "SAP SuccessFactors",
      "moduleID": "1",
      "module": "Recruitment Management"
    },
    {
      "customerID": "5674186",
      "ID": 92,
      "customerName": "Tapestry Inc",
      "businessGoalID": "11",
      "businessGoal": "Define a transparent framework for succession planning",
      "valueDriver": "User Experience",
      "serviceType": "Success Check",
      "serviceItem": "Success Check Nomination Settings",
      "linkServiceItem": "./documents/Services/Run_Safe_Check_for_SAP_SuccessFactors_Recruitment_Management.docx",
      "solutionID": "1",
      "solution": "SAP SuccessFactors",
      "moduleID": "8",
      "module": "Succession and Development"
    },
    {
      "customerID": "5674186",
      "ID": 93,
      "customerName": "Tapestry Inc",
      "businessGoalID": "11",
      "businessGoal": "Define a transparent framework for succession planning",
      "valueDriver": "Process Integration",
      "serviceType": "Success Check",
      "serviceItem": "Success Check Org. Chart",
      "linkServiceItem": "./documents/Services/Run_Safe_Check_for_SAP_SuccessFactors_Recruitment_Management.docx",
      "solutionID": "1",
      "solution": "SAP SuccessFactors",
      "moduleID": "8",
      "module": "Succession and Development"
    },
    {
      "customerID": "5674186",
      "ID": 94,
      "customerName": "Tapestry Inc",
      "businessGoalID": "11",
      "businessGoal": "Define a transparent framework for succession planning",
      "valueDriver": "User Adoption of Processes",
      "serviceType": "Success Check",
      "serviceItem": "Success Check Org. Chart",
      "linkServiceItem": "./documents/Services/Run_Safe_Check_for_SAP_SuccessFactors_Recruitment_Management.docx",
      "solutionID": "1",
      "solution": "SAP SuccessFactors",
      "moduleID": "8",
      "module": "Succession and Development"
    },
    {
      "customerID": "5674186",
      "ID": 95,
      "customerName": "Tapestry Inc",
      "businessGoalID": "17",
      "businessGoal": "Promote Internal Talent",
      "valueDriver": "User Experience",
      "serviceType": "Success Check",
      "serviceItem": "Success Check Talent Search",
      "linkServiceItem": "./documents/Services/Run_Safe_Check_for_SAP_SuccessFactors_Recruitment_Management.docx",
      "solutionID": "1",
      "solution": "SAP SuccessFactors",
      "moduleID": "8",
      "module": "Succession and Development"
    },
    {
      "customerID": "5674186",
      "ID": 96,
      "customerName": "Tapestry Inc",
      "businessGoalID": "17",
      "businessGoal": "Promote Internal Talent",
      "valueDriver": "User Adoption of Processes",
      "serviceType": "Success Check",
      "serviceItem": "Success Check Talent Search",
      "linkServiceItem": "./documents/Services/Run_Safe_Check_for_SAP_SuccessFactors_Recruitment_Management.docx",
      "solutionID": "1",
      "solution": "SAP SuccessFactors",
      "moduleID": "8",
      "module": "Succession and Development"
    },
    {
      "customerID": "5674186",
      "ID": 97,
      "customerName": "Tapestry Inc",
      "businessGoalID": "17",
      "businessGoal": "Promote Internal Talent",
      "valueDriver": "Data Accuracy",
      "serviceType": "Success Check",
      "serviceItem": "Success Check Talent Search",
      "linkServiceItem": "./documents/Services/Run_Safe_Check_for_SAP_SuccessFactors_Recruitment_Management.docx",
      "solutionID": "1",
      "solution": "SAP SuccessFactors",
      "moduleID": "8",
      "module": "Succession and Development"
    },
    {
      "customerID": "5674186",
      "ID": 98,
      "customerName": "Tapestry Inc",
      "businessGoalID": "18",
      "businessGoal": "Develop Succession Pool",
      "valueDriver": "Process Speed",
      "serviceType": "Success Check",
      "serviceItem": "Success Check Talent Pool",
      "linkServiceItem": "./documents/Services/Run_Safe_Check_for_SAP_SuccessFactors_Recruitment_Management.docx",
      "solutionID": "1",
      "solution": "SAP SuccessFactors",
      "moduleID": "8",
      "module": "Succession and Development"
    },
    {
      "customerID": "5674186",
      "ID": 99,
      "customerName": "Tapestry Inc",
      "businessGoalID": "18",
      "businessGoal": "Develop Succession Pool",
      "valueDriver": "Data Accuracy",
      "serviceType": "Success Check",
      "serviceItem": "Success Check Talent Pool",
      "linkServiceItem": "./documents/Services/Run_Safe_Check_for_SAP_SuccessFactors_Recruitment_Management.docx",
      "solutionID": "1",
      "solution": "SAP SuccessFactors",
      "moduleID": "8",
      "module": "Succession and Development"
    },
    {
      "customerID": "5674186",
      "ID": 100,
      "customerName": "Tapestry Inc",
      "businessGoalID": "12",
      "businessGoal": "Provide quality and cost-effective learning and development content and tools",
      "valueDriver": "User Adoption of Processes",
      "serviceType": "Success Check",
      "serviceItem": "Success Check Learning",
      "linkServiceItem": "./documents/Services/Run_Safe_Check_for_SAP_SuccessFactors_Learning_Management_Solution.docx",
      "solutionID": "1",
      "solution": "SAP SuccessFactors",
      "moduleID": "2",
      "module": "Learning Management Solution"
    },
    {
      "customerID": "5674186",
      "ID": 101,
      "customerName": "Tapestry Inc",
      "businessGoalID": "12",
      "businessGoal": "Provide quality and cost-effective learning and development content and tools",
      "valueDriver": "User Adoption of Processes",
      "serviceType": "Adoption Advisory",
      "serviceItem": "Adoption Advisory Feature Service",
      "linkServiceItem": "./documents/Services/Adoption_Advisory_Service_for_SAP_SuccessFactors_RM_features.docx",
      "solutionID": "1",
      "solution": "SAP SuccessFactors",
      "moduleID": "2",
      "module": "Learning Management Solution"
    },
    {
      "customerID": "5674186",
      "ID": 102,
      "customerName": "Tapestry Inc",
      "businessGoalID": "19",
      "businessGoal": "Deliver inclusive learning options to meet the needs and learning styles of a diverse and inclusive workplace",
      "valueDriver": "User Experience",
      "serviceType": "Success Check",
      "serviceItem": "Success Check Learning",
      "linkServiceItem": "./documents/Services/Run_Safe_Check_for_SAP_SuccessFactors_Learning_Management_Solution.docx",
      "solutionID": "1",
      "solution": "SAP SuccessFactors",
      "moduleID": "2",
      "module": "Learning Management Solution"
    },
    {
      "customerID": "5674186",
      "ID": 103,
      "customerName": "Tapestry Inc",
      "businessGoalID": "19",
      "businessGoal": "Deliver inclusive learning options to meet the needs and learning styles of a diverse and inclusive workplace",
      "valueDriver": "Decreased Turnover",
      "serviceType": "Adoption Advisory",
      "serviceItem": "Adoption Advisory Feature Service",
      "linkServiceItem": "./documents/Services/Adoption_Advisory_Service_for_SAP_SuccessFactors_RM_features.docx",
      "solutionID": "1",
      "solution": "SAP SuccessFactors",
      "moduleID": "2",
      "module": "Learning Management Solution"
    }
  ]