<core:FragmentDefinition xmlns="sap.m" xmlns:core="sap.ui.core" xmlns:f="sap.f" xmlns:layout="sap.ui.layout"
    xmlns:form="sap.ui.layout.form" xmlns:me="sap.me.cards"
    xmlns:chart="sap.suite.ui.microchart">
    <me:Card title="{$this.i18n>exampleCardTitle}" description="{$this.i18n>exampleCardDescription}"
            placeholderType="Generic" placeholderHeight="313px">
        <me:headerContentRight>
            <Button text="{$this>/text}" />
        </me:headerContentRight>
        <me:headerMenuItems>
            <MenuItem
                text="My 1st Item"
                select="handleMenuItemPress"
                icon="sap-icon://save"/>
            <MenuItem
                text="My 2nd Item"
                select="handleMenuItemPress" />
            <MenuItem
                text="My 3rd Item">
                <MenuItem
                    text="1st Sub Item"
                    select="handleMenuItemPress" />
                <MenuItem
                    text="2nd Sub Item"
                    select="handleMenuItemPress" />
                <MenuItem
                    text="3rd Sub Item but inactive"
                    enabled="false" />
            </MenuItem>
        </me:headerMenuItems>
        <HBox>
            <chart:RadialMicroChart size="M" percentage="45" class="sapUiSmallMargin" width="4rem" />
            <Text class="sapUiSmallMargin sapUiNoMarginBegin" text="Lorem ipsum dolor sit amet, consetetur sadipscing elitr, sed diam nonumy eirmod tempor invidunt ut labore et dolore magna aliquyam erat, sed diam voluptua. At vero eos et accusam et justo duo dolores et ea rebum. Stet clita kasd gubergren, no sea takimata sanctus est Lorem ipsum dolor sit amet. Lorem ipsum dolor sit amet, consetetur sadipscing elitr, sed diam nonumy eirmod tempor invidunt ut labore et dolore magna aliquyam erat, sed diam voluptua. At vero eos et accusam et justo duo dolores et ea rebum. Stet clita kasd gubergren, no sea takimata sanctus est Lorem ipsum dolor sit amet." />
        </HBox>
    </me:Card>
</core:FragmentDefinition>