<core:FragmentDefinition xmlns="sap.m" xmlns:core="sap.ui.core" xmlns:f="sap.f" xmlns:layout="sap.ui.layout"
    xmlns:form="sap.ui.layout.form" xmlns:me="sap.me.cards"
    xmlns:chart="sap.suite.ui.microchart">
    <me:Card title="{$this.i18n>preferredSuccessContacts_appTitle}" description="{$this.i18n>preferredSuccessContacts_appTitle}"
            placeholderType="Generic" placeholderHeight="313px">
       
        <HBox>
            <Table id="preferredSuccessContactsTable" contextualWidth="Auto" noDataText="{$this.i18n>noData}" popinLayout="GridSmall" alternateRowColors="false" 
                items="{path: '$this.odata>/Contacts'}" updateFinished="onUpdateFinished" class="sapForMeTable" >
                <columns>
                    <Column width="14%">
                    </Column>
                    <Column width="48%" hAlign="Left" minScreenWidth="Tablet">
                    </Column>
                    <Column hAlign="Right" minScreenWidth="Tablet">
                    </Column>
                </columns>
                <items>
                    <ColumnListItem>
                        <cells hAlign="Left" class="sapForMeProducts">
                            <Image src="{$this.odata>imagePath}" width="2.5rem" height="2.5rem"/>
                            <VBox>
                                <Text text="{$this.odata>firstName} {$this.odata>lastName}"/>
                                <Text text="{$this.odata>role}"/>
                            </VBox>
                            <Link text="{$this.odata>email}"/>
                        </cells>
                    </ColumnListItem>
                </items>
            </Table>     
            
        </HBox>
    </me:Card>
</core:FragmentDefinition>