<core:FragmentDefinition xmlns="sap.m" xmlns:core="sap.ui.core" xmlns:f="sap.f" xmlns:layout="sap.ui.layout"
    xmlns:form="sap.ui.layout.form" xmlns:me="sap.me.cards">
    <me:Card description="{$this.i18n>recordedEventsTable_appTitle}">
        <me:headerContentLeft>
            <Text text="{$this.i18n>recordedEventsTable_appTitle}"/>
        </me:headerContentLeft>
        <me:headerContentRight>
            <Button icon="sap-icon://sort"            type="Transparent" tooltip="Sorting"  press="handleOpenDialogSorting"/>
            <Button icon="sap-icon://group-2"         type="Transparent" tooltip="Grouping" press="handleOpenDialogGrouping"/>
            <Button icon="sap-icon://action-settings" type="Transparent" tooltip="Settings" press="onPersoButtonPressed"/>
        </me:headerContentRight>        
									
        <Table id="recordedEventsTableBig" contextualWidth="Auto" noDataText="{$this.i18n>noData}" popinLayout="GridSmall" alternateRowColors="true" 
            items="{path: '$this.odata>/Recordings'}" updateFinished="onUpdateFinished" class="sapForMeTable" >
            <columns>
                <Column width="30%" hAlign="Left">
                    <HBox alignItems="Center">
                        <Text text="{$this.i18n>columnTitle_ServiceItem}" class="sapForMeTableHeaderText" />
                    </HBox>
                </Column>               
                 <Column width="20%" hAlign="Left" minScreenWidth="Tablet" demandPopin="true">
                    <HBox alignItems="Center">
                        <Text text="{$this.i18n>columnTitle_Module}" class="sapForMeTableHeaderText" />
                    </HBox>
                </Column>
                 <Column width="20%" hAlign="Left" minScreenWidth="Tablet" demandPopin="true">
                    <HBox alignItems="Center">
                        <Text text="{$this.i18n>columnTitle_BusinessGoal}" class="sapForMeTableHeaderText" />
                    </HBox>
                </Column>
                <Column width="20%" hAlign="Left" minScreenWidth="Tablet" demandPopin="true">
                    <HBox alignItems="Center">
                        <Text text="{$this.i18n>columnTitle_ValueDrivers}" class="sapForMeTableHeaderText" />
                    </HBox>
                </Column>
                <Column hAlign="Right" minScreenWidth="Tablet" demandPopin="true">
                    <HBox alignItems="Center">
                        <Text text="{$this.i18n>columnTitle_LinkOn24}" class="sapForMeTableHeaderText" />
                    </HBox>
                </Column>               
            </columns>
            <items>
                <ColumnListItem>
                    <cells width="21rem" hAlign="Left" class="sapForMeProducts">
                        <Text text="{$this.odata>serviceItem}"/>
                        <Text text="{$this.odata>module}"/>
                        <Text text="{$this.odata>businessGoal}"/>                        
                        <Text text="{$this.odata>valueDriver}"/>
                        <Link text="{$this.i18n>columnTitle_Link}"/>
                    </cells>
                </ColumnListItem>
            </items>
        </Table>
        <me:dependents>
            <core:Fragment fragmentName="sap.me.cards.ColumnSorterActionSheet" type="XML" />
        </me:dependents>
    </me:Card>
</core:FragmentDefinition>
