<core:FragmentDefinition xmlns="sap.m" xmlns:core="sap.ui.core" xmlns:f="sap.f" xmlns:layout="sap.ui.layout"
    xmlns:form="sap.ui.layout.form" xmlns:me="sap.me.cards"
    xmlns:chart="sap.suite.ui.microchart">
    <me:Card title="{$this.i18n>servicesPortfolio_appTitle}" description="{$this.i18n>servicesPortfolio_appTitle}"
            placeholderType="Generic" placeholderHeight="313px">
        <VBox>
            <FlexBox width="100%" height="10.25rem" alignItems="Center" justifyContent="Center">                
                <items>
                    <layout:VerticalLayout class="sapForMeKPIGroup">
                        <ObjectNumber number="110" class="sapForMeKPIBig" />
                        <Text text="{$this.i18n>label_onePagers}" class="sapForMeKPILabel" wrapping="false" />
                    </layout:VerticalLayout>
                </items> 
            </FlexBox>               
            <FlexBox width="100%" alignItems="Start" class="sapForMeCardFooterBox">
                <items>
                    <Text text="5 {$this.i18n>label_newServicesAdded}" class="sapForMeKPILabel" wrapping="false" />
                </items>
            </FlexBox>
        </VBox>
    </me:Card>    
</core:FragmentDefinition>