<core:FragmentDefinition xmlns="sap.m" xmlns:core="sap.ui.core" xmlns:f="sap.f" xmlns:layout="sap.ui.layout"
    xmlns:form="sap.ui.layout.form" xmlns:me="sap.me.cards">
    <me:Card title="{$this.i18n>servicesDelivered_appTitle}" description="{$this.i18n>servicesDelivered_appTitle}"
            placeholderType="Generic" placeholderHeight="313px"> 
        <FlexBox width="100%" height="14rem" alignItems="Center" justifyContent="Center">                
            <items>
                <layout:VerticalLayout class="sapForMeKPIGroup">
                    <ObjectNumber number="5" class="sapForMeKPIBig" />
                    <Text text="{$this.i18n>label_delivered}" class="sapForMeKPILabel" wrapping="false" />
                </layout:VerticalLayout>
            </items>                
            </FlexBox>
    </me:Card>
</core:FragmentDefinition>
